"Id","SalePrice"
1,174138.127114368
3,218111.452193447
4,166988.240979959
5,254045.876355652
6,182098.575159626
7,183385.62476018
8,179289.658778222
9,133636.209331965
10,205429.44541123
11,147187.893839649
12,119831.533845837
13,175907.788584
14,163679.778290865
15,125868.90316234
16,167528.455413137
18,217953.685593793
19,189347.230493562
20,191797.960128557
21,199143.450129125
22,182113.788170411
24,139135.95951281
25,126735.36547105
26,267694.966456913
27,166430.165373583
28,148008.341303353
29,191741.361475022
31,221310.747424807
32,124195.647186638
33,160545.484310145
34,148654.761388198
35,179530.772788022
36,186977.883327527
37,164377.635793388
38,181532.387912527
39,178772.549403726
40,163531.739543074
41,234208.163153544
42,114505.904893596
45,169665.582035766
46,223028.177430262
47,187032.522861286
48,162077.043767782
50,161652.040324473
51,152151.245320812
52,179357.100406278
53,207116.296977654
54,125193.878724383
55,226059.559231654
57,200299.26989534
58,176892.189101672
59,221531.717199247
61,197756.101359799
62,155433.054776468
63,205892.378082711
65,169329.975069469
66,222987.968553609
67,95811.3993606451
68,186063.166742781
69,153058.009158396
70,169057.546330927
71,126515.382531452
72,108076.94148444
73,165785.917418695
74,157698.894047515
76,192983.943750466
77,208261.889332013
78,159265.857079237
79,164522.600760283
80,162573.376694152
82,197750.593276903
84,173081.213339545
85,184321.269428914
86,193294.312857578
87,174389.418717483
89,123732.696639136
90,216919.093151582
91,72307.6453572368
92,174653.218655737
93,194728.25594449
95,163170.533795577
97,179782.971200234
98,166817.242171663
100,193933.772378405
101,182898.611526924
102,150747.844360152
104,150349.919118069
105,184580.799871475
106,219960.264222658
107,189274.373301566
108,185009.798301647
109,186857.73831659
110,215244.487011952
111,201149.847365529
113,185237.597315195
114,185507.897513848
115,156587.195917326
116,160180.990412709
117,186618.348086252
120,116015.863730317
121,298839.55560403
122,162114.94285019
123,178959.857661881
124,165844.013938598
125,173194.790918145
128,174502.316963637
129,236610.208232354
130,118256.881485203
132,237793.095767984
133,173186.282412464
134,184439.794007268
135,185612.077861774
136,135341.388038005
139,205004.47963643
140,194584.377759978
141,196891.964934733
143,153701.506340635
144,184465.497895683
145,229062.424089704
146,173372.493882861
147,168940.040612541
148,210734.071388362
149,217266.321844144
150,176694.502085175
151,175480.676096574
152,154053.983207239
154,186495.330062003
156,296216.307080771
157,195011.859508487
159,167882.600446199
160,145794.74238535
162,194778.756825133
163,147896.913403577
164,190862.8112519
166,235709.045530354
167,153221.876089621
168,207106.860207367
169,149120.48429217
171,182699.037468142
172,179314.415391686
173,181689.311586486
174,156447.928090473
175,192252.691357864
176,261231.389380106
177,140957.299393778
178,186340.339616343
179,187220.212599337
180,170653.703300422
181,151056.344254518
182,139114.863636933
184,180052.046922257
185,165762.413642104
187,149214.113322233
188,164766.3230445
189,168408.315838962
190,164910.268467452
191,114633.183308517
193,255470.666783547
194,135502.260695885
195,201826.224761533
196,137859.274870157
197,170293.531441306
199,173324.31676655
201,174632.641439463
203,204454.345596461
204,191471.336399022
205,203693.989222125
206,140026.22125742
208,145808.370923857
209,114667.82457892
212,165435.591895476
213,190599.653198416
214,123564.24885305
215,181910.578037791
216,201947.743834491
217,157990.160251926
218,229923.972311526
219,142351.933635489
220,178847.433767626
222,151173.203356439
223,205521.517324737
224,165534.648670984
225,137999.962762944
227,213106.42162409
228,195138.475734458
229,142325.501350754
231,127672.291831692
232,164207.115004651
233,143996.023653839
235,128385.009538524
236,129089.28647464
237,226228.062308121
239,119313.242476888
240,171844.393354392
241,246151.440907033
242,197994.129819066
243,158388.662822375
244,174698.152251808
245,162717.498991728
246,146975.468343394
247,177371.988160668
248,126658.285040187
249,241641.61305176
250,143195.63664606
251,158579.67461323
253,171297.093232266
254,212948.482514401
256,135914.521411665
257,174440.722274665
258,136672.109059818
259,302534.407480565
260,119463.879324648
261,159897.840999082
263,122584.107344456
264,128480.178770546
265,160039.635796498
266,184850.743525224
267,151022.782390099
268,95609.6655732094
269,131312.87767775
270,167892.903701532
271,189116.655686056
274,161811.944063699
275,177345.140099814
276,98698.0925842818
277,231374.183153006
278,194281.744118688
279,119207.217954695
280,186521.696430144
281,167794.93234511
284,259075.372520071
285,172645.5088868
286,197165.161621179
287,214222.019756862
288,171978.994551024
289,166246.428357427
290,132793.151126081
292,175282.300053571
293,162571.705294218
296,139030.362700445
297,152370.57165776
298,121410.130367936
299,248916.365847386
300,135106.895384638
302,131227.597872631
303,193574.564094397
304,190326.257662651
305,133119.636514239
306,221819.189849947
307,144466.764704473
308,196542.490760457
309,115526.740793763
310,219265.688789022
311,158740.163810723
312,141000.563968321
313,188842.436667589
314,155552.871309811
315,118732.795255107
316,132618.410988281
317,198340.143180254
319,177748.853656876
320,165328.67608864
322,128797.129011902
323,126771.545367121
324,245014.389816821
326,197661.2744747
327,153754.127363248
328,166336.320847454
329,222701.018456133
330,193031.800324297
331,188428.415771271
332,179690.07990635
333,126845.336545323
334,127401.349998495
335,137192.310879719
337,186329.809648949
338,138255.685127717
339,192699.840228846
340,91189.4976374739
341,166454.458400629
342,209889.403714037
343,104475.722830466
345,200606.912656416
347,107996.556529997
348,142614.700756485
349,129096.525843288
350,154658.668074033
352,131105.863779745
353,137099.249487491
354,158993.782440293
355,169911.40215622
356,170520.713120054
357,120802.519669006
358,185458.200638781
359,221929.161451711
360,152833.845540413
361,142296.743008722
363,167961.253291912
364,144719.661045706
365,183306.525464969
366,167183.969352412
367,121255.402238507
369,175399.811597048
370,181044.621760882
371,170416.174349782
372,226086.900342653
373,182833.051537367
374,184064.718716122
375,195248.42819387
376,191802.910685753
378,153372.267982323
379,134492.117199404
380,163134.152090659
381,200118.394695589
382,186394.571236939
383,107136.522739431
384,171674.200444495
385,222982.292632134
386,125622.117133738
387,199114.376481246
389,99640.6568628071
390,168021.214568548
391,181256.684547548
392,108331.570737588
393,143821.257897656
395,202823.752058847
397,136215.800609987
398,158592.486774978
399,139555.461927853
401,148867.575232167
402,163622.103785048
403,176924.285881149
404,180367.217360401
407,100798.944480786
409,128303.759102161
410,205309.950557724
411,147177.981958326
412,137340.373425516
413,138214.252424377
415,165381.643894314
416,194045.424392617
417,187341.981430155
418,163957.637263486
419,131431.256271458
420,198355.236545854
421,146780.230858741
422,193244.146609956
423,144558.592054552
424,200760.35136142
425,199204.297967845
426,203540.980362166
427,145816.453416905
428,172242.369179395
429,219462.456600274
431,197563.133942431
433,137743.561662055
434,133780.566593696
435,178004.683155974
436,203537.824934047
437,169796.47831478
439,168970.894600699
440,178208.510760212
442,113173.370204313
444,141995.490387557
445,204892.052215522
446,175602.523642704
447,196477.049752175
449,223808.89792782
450,211037.624369404
452,133367.630045682
454,132979.313835606
455,157098.925112596
456,161223.330216317
457,154466.663399136
459,181406.875109014
460,164905.067388852
461,271328.95879129
462,182253.072335752
463,191836.933533164
464,249748.035290166
465,148920.989038682
466,187702.856999696
467,178872.060370975
468,202376.949548667
470,194564.174385834
471,169746.784618291
472,219774.310805619
473,187240.629274929
475,199615.759374737
477,204985.161360055
478,157776.813102009
481,202768.324089256
482,192805.35710871
483,169628.55029119
484,123211.171895456
486,208957.301928454
488,206051.273482086
490,148816.071673024
491,106067.753285737
492,178167.587909276
493,190918.77861979
494,145319.453717222
495,183377.303059885
496,93564.0906409521
498,164722.058900902
500,197511.11410481
501,114295.215053102
502,149879.859657852
504,147876.403775124
505,204256.858392235
507,217893.699184708
508,163011.430932136
509,233694.521532477
510,136902.520637045
512,160581.0980941
513,185972.21703732
515,193060.297278314
516,203262.614311021
517,218548.464295278
518,178924.092320403
519,170430.822739908
520,187615.874955513
521,160186.894046544
523,149164.174773834
524,141605.890154637
525,204745.807009102
526,159435.935601995
527,180767.440246598
529,220583.643921254
530,188064.13683035
531,186671.618136037
532,126479.377563092
533,200271.236156059
534,178338.183171208
535,192263.564219727
536,224544.927706605
537,184124.607819673
538,212310.30995443
539,228258.403899835
540,98450.6847177008
541,145830.020617707
542,138427.144693762
543,161268.98253601
544,150639.552968037
545,166431.833256177
546,141800.647958734
547,189357.724260486
548,163310.273867443
549,132463.948922987
551,161392.829919359
552,190049.249132005
553,113169.740626159
555,178235.72207861
556,188062.0331088
557,230107.137172842
558,183553.862714667
559,108667.200230111
560,134070.420409598
561,143747.282945421
562,165806.035493415
563,111936.591813838
564,248408.218852924
567,224346.004902031
568,127223.533304428
569,176511.544525553
570,211449.902717598
571,162323.050762707
572,125009.992106356
573,165357.683901825
574,164267.523401482
575,186365.388599321
576,150293.770043426
577,193208.690631023
578,181217.179016887
579,202276.359132452
580,137097.239505186
581,168569.064139193
583,195265.044589204
584,135147.624906506
585,172797.283453863
586,230957.465490144
587,198757.336575067
588,210061.332510511
589,150973.727110236
591,203519.08829579
593,208960.408532571
594,243011.43304694
595,135505.310755125
596,166986.193045708
597,207389.942936396
599,188037.562482963
600,146765.377262717
602,201772.107079536
603,134346.45403331
605,101037.289145003
606,123273.748220217
607,155996.574759512
608,171329.100300991
609,213092.55716358
610,197478.536821721
611,137766.492649555
612,115104.240860467
613,143125.283026051
616,193939.377581131
617,184346.055225468
618,192451.58345081
619,194045.111373203
620,142196.991375878
622,190231.667276439
623,260669.427452374
624,182885.466913448
627,200875.609489743
628,181074.500470704
629,239564.462384647
630,136190.791578661
633,182856.564342998
634,204158.321570749
635,181366.516044425
636,151225.84068498
638,184811.100461208
639,153473.707022757
640,131258.061256839
641,234814.740665309
642,176944.768672879
643,222844.951059783
644,169584.194547443
646,140065.137860014
647,213977.227068453
648,139341.049198387
649,239660.975330505
650,198805.446991926
651,100111.343463015
652,172352.483712951
653,137970.987770117
654,140800.459145919
655,147595.494051298
657,178014.114330052
658,135061.726304241
659,173820.141071841
661,163564.744615275
662,159961.231194519
663,181096.443291605
664,193521.388106701
665,219352.724125319
666,192357.301425606
667,153675.711780813
669,168637.862076417
670,108407.297903045
671,137259.889854775
672,178199.959640721
673,134408.767087497
674,218971.039791955
675,171877.931484831
676,181622.426343763
677,199959.853141017
678,158686.539706943
679,198834.856830143
681,156664.537971715
682,179541.943366104
683,195329.993819163
685,186682.800754772
686,136201.948142547
687,199014.192598588
688,179263.208599966
689,172242.743442436
690,199529.275969701
691,181482.873814656
692,175228.752623682
694,206742.428018092
695,174324.850994112
696,180136.379270345
697,184910.574907494
699,156349.144688034
700,205413.613109817
701,185848.473034191
702,193478.093094237
703,210012.402171859
705,129495.919893159
706,161786.076409004
707,165472.418999504
708,206691.247995208
709,196981.28184198
710,103332.440585707
711,171167.24157762
714,173940.006241899
715,117817.908525296
716,142953.278352758
717,179412.797894988
718,187490.653669305
719,149383.362259
721,178003.761687021
722,155000.609051667
723,158862.330833797
724,181569.37281377
725,156957.847099656
726,140025.433619562
727,147737.815883249
728,145179.361937809
729,182093.267633541
730,199075.611063405
731,224555.901585129
732,189531.464885934
733,163777.941475963
734,195486.220451593
735,157001.612705496
736,192682.442124355
737,177155.83689066
738,189471.398758959
739,151783.617114283
740,157668.782578922
741,189158.698116877
742,104828.183833888
743,138192.440026211
745,161350.631054102
746,195125.601669194
747,196657.364530762
748,105536.726838066
749,179268.54011299
750,199262.623050008
751,159530.81138872
752,201010.593973524
753,283576.806873784
754,211463.05371652
755,181875.48261167
757,252952.95540711
758,176553.708115949
759,215519.211600903
760,155548.446601432
762,142502.335235647
764,208585.766910123
765,205005.796870911
766,201869.865783294
767,229842.374700453
768,173030.272469819
769,114206.160454904
771,159507.229900507
772,174108.870062641
773,183495.803398014
774,190945.630324907
775,180423.735008467
776,172582.257478458
777,265821.326687736
779,158036.056208693
780,194701.290678834
781,215465.825969703
782,154691.804039043
783,155125.814010426
784,114188.811360737
786,99880.7134291548
787,157979.382942176
788,186522.725939402
789,196733.250967845
791,176423.539456731
792,198399.46410019
793,144032.702284323
794,153585.35200367
795,129761.270730837
796,227262.774108589
797,158141.384694673
798,166440.252104234
799,134736.218820753
800,163995.04535862
801,172286.737935307
802,157739.996784011
803,180529.369356264
804,145535.640586796
805,152528.095553939
806,162405.378499246
807,160940.062390685
808,198269.03603814
809,160401.168436076
810,148955.11794862
811,221898.768780518
813,117219.356655624
814,200162.621011687
815,146038.617309776
816,225457.53244239
817,231770.278678674
818,224019.610965008
819,336141.601246654
820,163508.351815221
821,192336.280330164
822,209671.255443728
823,154870.096761817
824,137758.528840719
825,192701.534984939
826,242622.98396497
827,210919.185044474
828,201691.26099686
829,195900.402096305
830,153275.473915897
831,180546.577135901
832,167784.451821208
833,159383.6503399
834,159350.313783194
835,191596.631239541
836,232299.218042781
837,159741.670864016
839,148573.316407897
842,197557.94799548
843,128226.667037496
844,189976.561250183
845,132031.344313041
846,137349.954739534
847,167974.998154042
848,165246.130450067
850,156461.868897563
851,140506.50569201
852,194871.030487763
853,167309.898076622
854,145418.047364095
855,166326.10813351
857,126606.424158441
858,243966.216113391
859,171929.872813287
860,201788.373640302
861,233988.386449254
862,210389.677424519
863,183233.69617604
864,212560.563335999
865,252353.744978171
866,194443.819652023
867,212204.720176534
868,140594.356914979
869,139500.902145997
870,176365.018722864
871,179459.574784602
873,217337.839635743
874,143745.175557624
875,189258.925116785
876,183889.7575478
877,152302.550733638
880,280567.073603321
881,169664.434747942
882,173589.455027532
884,188173.170049521
885,140338.132978601
886,133722.04441621
887,154680.453203039
888,189155.612324707
889,232529.5483934
890,189814.277427908
891,199688.609796575
894,193104.205396553
895,170855.820642972
896,149240.534423005
898,124934.776941534
899,213209.93575963
900,155831.350163018
901,130638.047746406
902,185834.609808514
903,182136.398886645
904,134212.560616352
906,256197.60760759
907,175291.339338985
908,159113.669131392
909,150249.021237351
910,154017.618130364
911,179171.142882157
913,186293.941266255
914,217521.660052145
915,151437.322268139
916,193008.412405548
917,204887.492350628
918,138919.296147367
921,148942.066989202
922,114204.816081513
923,213342.815025121
925,165041.672839862
926,157839.809909834
927,195292.508394025
928,171552.778556139
929,139800.854009232
930,187048.926187267
931,195296.403282083
932,149024.238783867
934,196649.183884378
935,190956.948549957
936,161709.757387216
937,171543.3751403
939,188213.070770982
940,228189.520981192
941,199305.749856221
942,191478.051998827
943,203121.923765499
944,237396.526769421
945,199373.421618935
946,234020.489860507
947,194068.68351396
948,140211.976261958
949,159147.429508526
950,140762.030375878
951,135784.220734169
952,189987.935364057
953,188046.595847572
954,192349.349213807
955,128074.328714318
956,210737.486113745
957,185242.74762732
958,127775.928536689
959,172112.988337868
961,207951.626743697
963,156775.086894693
964,124944.569907785
965,147976.317082028
966,128883.329851381
967,120684.540872322
968,247586.183080162
970,143722.520158876
971,113017.815387728
972,152182.157861224
975,158425.432470562
976,137991.621168836
977,137333.339818763
978,150053.940198207
979,193566.136091699
980,170561.113517675
981,168390.618429865
983,153581.812040052
984,142079.703450265
985,162583.209398476
986,137625.707154857
987,80370.6211022807
989,189947.40565893
990,159024.267258484
992,196908.744520866
993,195004.252446567
994,148739.964648887
995,183432.674536337
996,172442.293935896
998,173940.398368435
999,172181.961168089
1000,158209.371949926
1002,229315.86922417
1003,199836.21555636
1004,132944.328856523
1006,123909.833048851
1009,153795.170019527
1010,128131.135007797
1011,138703.980751796
1012,189396.808169597
1013,164553.263654633
1015,157478.084844432
1016,146490.672263215
1018,165763.08446522
1019,124821.310222408
1020,197968.580616222
1022,173359.879860507
1023,124169.919782191
1025,110271.334203559
1026,164946.235528647
1028,148397.653307874
1029,197536.807013141
1030,176698.629605658
1031,174935.277248748
1032,170756.652980166
1033,256597.331575225
1034,127403.446015414
1035,176690.706577808
1037,152828.944981912
1040,216299.186624915
1042,149474.233436655
1043,245346.557523641
1044,211280.711452629
1045,183606.871582454
1046,257245.223853968
1047,184475.095068054
1048,194949.950100069
1049,184320.926854999
1051,158629.729180305
1052,178317.747632365
1053,120644.633748791
1054,199358.497374417
1055,179161.037647521
1056,162174.929729421
1057,141741.259386086
1058,187122.787464222
1059,190561.958690259
1060,125389.211659735
1061,181891.770728868
1062,167023.634675851
1063,182056.117268313
1064,156392.962647536
1065,164853.039437791
1066,172802.993041681
1067,223436.625368266
1068,163502.812158954
1069,160850.459289718
1070,155892.061818493
1071,128616.980945292
1072,141989.876064925
1073,103897.921524077
1074,177218.365232899
1077,233593.17975395
1080,157134.09823596
1083,183912.046898337
1084,153790.1069393
1085,152676.843905604
1086,135300.077455761
1087,178921.662006518
1088,138201.217977327
1090,177826.936947357
1092,162563.09217712
1093,219955.406144748
1094,111901.475205722
1095,175461.633560544
1096,189857.656527266
1097,159903.613091459
1098,222000.005969778
1099,192747.606889056
1100,217328.133891241
1101,131292.62473937
1103,132756.36249421
1104,174730.454573546
1106,165480.952565975
1107,199488.643944665
1108,164945.549762403
1110,133246.188559059
1111,142690.704799412
1112,189374.868399084
1114,185121.433521946
1115,219131.758573137
1116,160231.503344795
1117,134336.753326996
1119,242866.733567968
1120,178263.645238474
1121,148263.424773252
1122,104872.120997708
1123,208030.944464321
1124,202488.900730311
1125,191037.247918754
1127,177681.053360971
1128,161186.998307056
1129,176408.473516398
1131,206005.143503696
1132,173001.347498553
1133,148861.122609786
1134,169095.931280325
1135,156290.991522181
1136,158193.670357387
1137,123705.831659862
1139,183512.858875874
1140,156365.976544961
1141,173416.33976906
1142,134799.711380168
1143,165770.329348907
1144,152121.771563089
1145,126061.350798551
1146,202028.587703035
1148,270077.445015475
1149,156739.514717154
1150,160435.121546595
1151,227178.611056575
1153,118492.365369305
1154,159725.421046481
1155,119351.421453266
1156,133278.085410199
1157,143628.573068535
1158,223225.979036618
1160,169475.572402027
1162,155110.855187492
1163,156932.0169036
1164,125623.310568655
1165,195737.603184769
1166,203635.870117955
1167,124336.909333425
1169,187497.678490358
1171,190555.571918487
1173,164870.852745498
1174,173351.820616028
1175,180785.645961805
1176,192288.646792162
1177,211163.889610989
1178,210414.693941025
1179,157155.295207168
1180,149533.117030145
1181,178752.929404323
1182,170274.906445095
1183,153965.740279629
1184,202686.932029187
1185,158851.377791671
1186,171319.83990053
1187,273190.302949116
1188,101681.840422337
1189,209116.201600721
1190,147754.015390401
1193,199067.842140825
1194,162366.154732271
1195,218111.915112724
1196,145801.189439419
1197,206096.651721207
1198,250163.831810697
1200,150965.517075327
1202,129830.908434683
1203,222351.31289485
1204,143086.815835599
1205,165796.181535691
1206,200022.759517032
1208,196016.638361953
1209,163492.422218578
1210,161683.922195067
1212,150415.109755491
1213,141334.661725025
1214,148448.126026213
1216,206773.66137348
1217,131600.595882926
1218,213000.520829491
1219,199176.919341926
1220,178608.359454236
1222,186733.602711854
1223,147161.693559866
1225,227597.286110834
1226,192742.393558118
1227,144378.33368736
1228,163813.961933248
1229,259511.629336262
1230,157503.920657087
1231,152358.258909569
1232,127586.997887831
1233,201654.00213864
1234,155989.624419603
1235,199405.711754246
1236,152471.364908315
1237,220922.969248098
1238,131990.540779884
1239,190872.897223403
1240,163010.430086262
1241,162979.826777777
1242,88167.0508320635
1243,162861.144264788
1245,160787.456268625
1246,186177.314706135
1247,137934.739111529
1248,146459.443509241
1249,157789.370491353
1250,111185.62642976
1253,176683.85760035
1254,183036.404181648
1255,237881.557250767
1256,183936.211758398
1258,168347.729936111
1259,198839.485359215
1260,150669.341590612
1261,201496.358300542
1262,183213.828173768
1266,197501.286443352
1267,166573.837942827
1268,214398.267399082
1269,140060.091942641
1270,216143.207377726
1271,199926.940463456
1272,158718.297517792
1273,181195.299281403
1275,191503.503047559
1276,121633.41200898
1277,192169.175929329
1278,169235.617664843
1279,198491.696694273
1280,153292.356322927
1282,165281.532459953
1283,201974.04703802
1284,179211.439390829
1286,174400.455491937
1287,169399.511372053
1288,195597.062224851
1289,150437.770862361
1290,177205.777520022
1293,206393.193679435
1295,125738.318017176
1297,153536.025686334
1298,156324.482268375
1299,104968.161600344
1301,160755.855785109
1305,194385.34321091
1306,153473.036750651
1307,187910.373238225
1308,128366.476217907
1309,168328.236149078
1311,213286.157231692
1312,175565.642449221
1313,224108.98377158
1314,196663.525188164
1315,185440.293045742
1316,154928.744119997
1317,158356.49197927
1318,171193.091638802
1319,219723.313228967
1320,181129.332383107
1321,141281.071110838
1322,167320.467638413
1323,148483.689059402
1324,142275.816649485
1325,132086.785653803
1326,149181.008447212
1327,175968.630457189
1328,131192.016909487
1330,207120.452572211
1332,229422.043387234
1334,204685.964454125
1336,178037.969598203
1339,109551.367053945
1340,188643.451684761
1341,226804.066633078
1343,164742.445868882
1344,180398.852157253
1346,160319.669617546
1347,156907.144210414
1348,191026.704752695
1349,120165.252845499
1350,177177.869345861
1351,159849.751481818
1352,153103.346908851
1354,142790.588085074
1355,223286.974367111
1356,143904.966876977
1358,173631.524899271
1359,165943.562599203
1360,153387.716307467
1361,123257.005173628
1363,191976.235546767
1364,111468.131695648
1365,217098.323416595
1367,154990.187945496
1368,169053.420534548
1369,201767.616888725
1370,187060.172061673
1371,193427.095838312
1372,162376.573280127
1373,197174.879534385
1374,147370.744842402
1375,132751.474546134
1376,145558.958510906
1377,177906.64978205
1378,140028.935958563
1379,203901.991420052
1382,162538.734231018
1384,79280.0275269934
1386,179703.389970165
1387,188900.017991327
1389,178865.796327356
1390,185783.611955173
1391,166978.530534207
1392,212642.128257688
1394,177219.282563894
1395,148316.611751886
1396,167347.777448824
1397,216528.335565013
1399,180858.252607405
1400,192961.824728002
1401,133402.21121055
1402,150577.670801211
1403,175299.65267562
1406,158054.922229645
1407,206309.889435623
1408,233718.454851105
1409,170305.842583361
1410,128647.014710118
1411,168482.988037937
1412,167814.339923232
1413,199486.283308031
1414,186247.552980264
1415,252514.013285876
1416,207670.520654103
1417,82034.1250485832
1418,123224.472914835
1419,220777.554236509
1421,222996.540097845
1422,159421.041770807
1424,170618.825958081
1425,209095.542824731
1426,200111.467038992
1429,115823.733060136
1430,202192.236133795
1431,226934.372128753
1432,145780.532804417
1433,194005.542749277
1434,150173.638109838
1436,143680.206783758
1438,167833.94929218
1439,158454.723895659
1440,219006.702768892
1441,175188.679376503
1442,169958.844001711
1445,169421.571231513
1447,217156.220882065
1448,209885.157830272
1449,182748.15084554
1450,134637.679739666
1451,228007.399332363
1452,168326.616413271
1453,160888.414276682
1454,194059.687479275
1456,161468.030512236
1457,198009.970989032
1458,161498.765141447
1459,131437.246278199
1460,147629.900820892
1461,184028.077242307
1462,123724.957895306
1463,156455.918558945
1464,161022.557012345
1465,167435.345423498
1466,144755.42766605
1467,143126.082315019
1469,181913.005956121
1471,192400.011691875
1472,156811.853207377
1473,215967.129158627
1474,224956.091546876
1475,134892.391755899
1476,219956.833289241
1477,160329.44141374
1478,158711.97715961
1479,110794.369372914
1480,195910.090332685
1481,164501.824589861
1482,137972.641791485
1483,170785.618394691
1484,196908.044662798
1485,144306.669151488
1486,167690.115887275
1487,156943.976437265
1488,175868.72341725
1489,236753.550452801
1491,155402.147801832
1492,129737.285996025
1493,183476.297656939
1494,170267.779046394
1495,149616.448521841
1497,173037.529069849
1498,129370.432480888
1499,224069.810688247
1500,218522.874180394
1501,171504.339749954
1502,133328.119268933
1503,184895.439405921
1505,192901.322073253
1507,189893.463001701
1508,205299.3926392
1510,174498.188949217
1511,138996.837783126
1512,104111.40568192
1513,140037.309486878
1516,155352.092286488
1517,171886.584649259
1518,215110.06135223
1519,165046.929423348
1521,152704.746725973
1522,173220.872217502
1523,245141.872513945
1524,222962.546160065
1525,172853.221310144
1526,124218.760600675
1528,126885.730973611
1529,201561.328045015
1530,205950.801989031
1531,237088.605465522
1533,216832.781721881
1534,209019.187563942
1535,213570.832562624
1537,160921.599210979
1538,113586.559254003
1539,119936.257467134
1540,212233.611500191
1541,174293.941441804
1542,151794.363121107
1543,155440.65289879
1544,165867.255149257
1546,174864.95945403
1547,166121.343289802
1549,196237.696065642
1550,182141.559236583
1552,190711.437689511
1554,179768.972799739
1555,124253.193705171
1556,136436.867093467
1559,172810.103270033
1560,157601.316004705
1562,189846.133143577
1563,139808.78403901
1564,251357.681985102
1565,211905.574028642
1566,110042.770363043
1567,130466.335297441
1568,167985.080950551
1570,147783.143296282
1571,181297.384792236
1572,183960.086270869
1573,185129.362424576
1574,147483.616041476
1576,225820.858040838
1577,175344.943997713
1578,233970.731383495
1579,191996.187831583
1580,172255.701096235
1581,162319.168301589
1582,164956.990907842
1584,176770.939909779
1586,208927.043776854
1587,148183.364157265
1589,199247.7981046
1591,136806.099591419
1594,151903.952923806
1595,162535.463408277
1597,135826.618056614
1599,182497.921109087
1601,168376.50230332
1602,81764.7781402619
1603,101294.264685219
1605,136751.031227979
1607,186358.699228779
1608,168466.70499917
1611,158584.517915488
1613,167131.741969707
1614,150419.013676245
1615,192311.03218588
1616,129758.068043529
1617,203174.679192412
1618,190710.098059136
1620,213733.55944963
1622,253599.692370446
1623,116816.078247544
1624,257273.713050874
1625,189269.296075133
1626,170159.922861474
1627,170039.567512063
1628,209421.316527741
1630,186673.572569156
1631,208136.001237945
1632,210835.908067559
1633,210932.457419752
1634,139489.183026772
1635,234306.068579594
1636,163522.076397251
1637,202483.467567985
1639,220653.273153705
1640,163891.935409396
1641,187212.804825662
1643,176562.318813102
1646,188770.501677102
1647,244664.147510955
1648,161992.352080565
1649,196099.070507797
1650,175972.399949857
1651,237944.139394232
1653,140468.381536912
1654,228186.095225907
1655,154552.57535125
1656,154432.28167757
1657,163242.355805408
1658,170077.977402203
1659,220669.841626045
1660,188255.218363061
1661,181480.14695953
1662,188019.956419495
1663,160151.179704382
1664,162523.467789756
1665,212030.402010117
1666,169272.184553084
1667,177033.19943288
1668,115879.917408449
1670,180969.463901485
1671,166423.576000932
1672,145590.952022257
1673,118969.084623018
1674,142633.925564051
1675,205085.303516685
1677,165882.451059049
1678,135222.316500279
1679,174968.294141744
1680,154883.619040882
1681,179190.408321865
1682,138176.388340904
1683,168357.881027227
1684,160386.412887528
1685,148610.119084161
1686,182623.998005497
1689,133653.105080815
1694,223611.966424439
1695,254754.653681069
1696,156376.396117634
1697,152512.676008769
1699,245094.590333068
1700,191731.372090319
1702,239772.417707385
1703,150494.130476726
1704,219882.384841456
1705,174826.010759972
1706,190957.767797833
1707,167540.035778142
1708,150403.495849037
1709,224998.191388625
1710,145146.850578149
1712,141083.914770565
1713,151765.200728056
1714,173539.489751405
1716,170828.679315552
1717,146115.765064654
1718,188945.214722684
1719,191186.536304421
1721,145767.096219561
1722,147029.226560921
1723,249793.340388104
1724,187382.550972917
1726,179715.931689655
1728,105537.783538658
1729,164699.764595798
1730,147582.372267783
1733,203130.296694696
1734,170513.298455598
1735,142682.12273368
1736,216499.277522037
1737,180991.926828719
1738,196880.997075231
1739,174233.913452458
1740,188324.414367493
1741,163324.818602289
1742,226244.099243048
1743,143639.265705557
1744,190797.436852596
1745,225324.616693358
1746,186831.007020298
1747,155312.930992234
1748,177244.037792801
1749,202916.851306033
1750,133441.754421375
1751,162285.129840685
1752,123684.526799385
1753,148797.387028987
1754,160790.124196897
1755,130153.013580649
1756,213765.83753372
1757,196751.137444699
1758,228346.864809343
1759,159377.061467395
1760,156041.147917998
1762,239666.731114217
1763,147561.438506074
1764,192637.488363974
1766,122181.448145569
1767,202962.905868293
1768,129933.313124089
1769,223158.337139862
1770,122850.727312917
1771,138321.153831975
1772,177999.895111401
1774,249166.11012552
1775,163307.175720544
1776,187428.813305979
1778,158944.656051328
1779,169955.165642182
1781,180477.088799365
1782,171295.690052078
1783,145279.377525121
1784,140803.634122863
1785,168638.55048924
1786,169616.197400646
1787,139988.25959387
1788,131723.864593607
1789,280844.456627205
1790,159661.228440278
1791,190700.360240618
1793,168901.52843965
1794,182084.516182541
1795,189673.375645525
1797,131632.374563186
1798,103935.003479327
1799,140868.826088478
1800,196530.006440747
1801,176802.239009163
1802,215490.940225435
1804,192703.242023742
1805,167414.602260408
1807,167725.50195748
1808,102167.959368766
1810,127450.858144917
1811,191443.425876904
1814,167997.486206716
1815,163172.371185131
1816,131974.865951057
1818,127019.861804675
1819,145416.91519532
1820,169293.221380308
1821,177220.562146989
1822,253709.255752022
1823,175607.155729586
1824,199277.759641406
1825,155369.94019925
1826,225407.171901962
1827,188060.385640967
1828,254338.071172885
1829,166652.469177331
1830,161582.659915095
1831,226026.863656404
1833,182486.718984816
1834,132433.674944864
1835,145169.605993804
1836,106229.957007718
1837,253966.433568508
1838,199809.618061946
1839,218119.384729359
1840,96342.863269232
1841,175362.567308655
1842,136174.504377576
1844,239531.397792878
1846,185125.279142389
1847,222970.45619328
1848,253724.752380254
1850,89866.3045381939
1851,223931.365069025
1853,165824.89472829
1854,179215.833527012
1855,212194.422282155
1857,97305.7455971451
1858,200623.208766659
1859,170478.860210705
1860,184877.873517365
1862,153781.100305203
1864,183506.368543882
1865,132345.696169277
1866,190502.38978349
1868,89548.0255327062
1870,223081.82123849
1871,160357.12226747
1872,157342.701436558
1873,159586.582129171
1874,126836.182144781
1877,199633.924174804
1878,162748.358558023
1879,154098.797937751
1880,157647.629272024
1881,247611.073430768
1882,177762.980307477
1884,137412.383314339
1885,185480.972763801
1887,165477.676398834
1888,122806.494681099
1891,80804.7032445878
1893,186748.97684516
1894,210682.146916039
1896,128977.213560765
1897,211140.397221448
1899,172627.54079349
1900,105235.228329878
1902,215275.499003836
1904,183388.330901097
1905,161077.713576614
1906,153683.164946601
1907,163863.153675603
1908,152196.514767743
1909,170471.956037264
1910,190061.707498609
1911,175858.36375539
1912,211150.591043684
1913,196765.73118637
1914,113018.824817878
1915,122437.771743815
1916,149549.511280427
1917,152889.167630819
1918,184088.348358447
1919,166031.905805889
1920,191278.350656609
1921,136274.159258527
1922,152547.218666363
1923,192957.900139289
1924,137881.984740016
1926,132469.07746433
1927,160937.417914653
1928,180472.865006586
1929,108624.247956431
1930,253461.489449374
1931,185835.475766175
1933,202407.285559759
1934,128101.462206567
1935,162891.409279884
1936,140226.323400893
1937,206624.392588636
1938,108870.12577642
1939,209759.582750518
1940,132719.366886985
1941,111999.941006703
1942,143450.529426077
1943,174388.704375466
1945,156960.882525579
1946,174363.660597912
1947,199797.882240178
1948,131087.908733199
1950,125153.941245445
1951,194154.601205766
1952,268416.769637794
1953,179182.45513211
1954,143555.983771204
1955,149979.422857098
1956,217159.738150078
1957,200030.712087353
1958,191696.989680021
1959,163630.463098023
1960,128414.334017589
1961,200199.00165436
1962,187204.281454416
1963,164830.557621085
1965,125895.4816934
1966,69102.8317813885
1967,150330.898842867
1968,196840.498801205
1969,188215.909412877
1971,167805.301625434
1973,230373.385199614
1974,125643.783298882
1975,180461.859182659
1976,132470.453013586
1979,120773.107532293
1981,178730.877086309
1982,124762.407920315
1983,200918.855772117
1984,185252.439183185
1985,131095.602159313
1986,210896.166514283
1987,142332.426476351
1988,174865.222985191
1989,185131.760313391
1990,166315.431942807
1991,140766.460542063
1992,139787.636628566
1993,133707.412829627
1994,137474.539173369
1995,175944.242097278
1996,232358.077891743
1997,176855.743717648
1998,216196.648696118
2000,142876.609040543
2001,231916.416177051
2002,213502.454882988
2003,260686.432060786
2004,122207.349790093
2005,162078.983276603
2006,242561.63234513
2008,179964.841083967
2009,176022.250755528
2013,99084.2295575234
2014,208617.679717731
2015,185022.00705505
2016,223243.682956598
2017,148208.872903198
2018,160901.178866816
2019,191022.52952926
2021,129248.473192839
2022,137476.239646215
2023,202103.493859708
2024,219758.088281095
2025,257353.50433585
2026,199320.986757456
2027,184459.044735793
2028,140613.271839898
2029,154792.849229406
2030,129454.212924721
2031,145308.716069377
2032,217628.541394026
2033,281398.653393608
2035,188930.094173951
2036,154471.626865934
2037,162582.855892475
2038,149666.773381222
2039,119000.874418555
2040,141784.635915848
2041,101702.118607434
2042,206645.522312317
2043,189362.320437283
2044,167693.788401212
2045,181110.150790288
2046,164644.644727066
2049,161914.787507989
2050,107946.623013331
2052,136121.901004144
2053,228087.336985998
2054,217623.942520449
2055,224158.86069067
2056,207620.253565761
2057,148060.547157727
2058,163566.340949639
2059,162479.220892301
2060,194694.847928713
2061,185563.67820611
2064,138394.705766406
2065,183827.872032565
2066,167194.309488254
2067,222062.010086084
2068,204261.499511466
2069,127495.666957294
2071,177684.436789724
2073,145655.252585696
2077,183219.393834446
2078,153181.66286376
2079,147067.94928249
2080,208622.44420848
2081,170635.497037217
2082,195682.965048998
2084,259042.912277311
2085,214363.357781103
2086,203614.369755629
2087,178792.111836631
2088,159616.227184243
2089,177402.733767801
2090,231816.251378004
2091,155574.866096045
2093,140357.9876996
2094,193409.340621989
2095,148376.683324765
2096,148844.594809487
2098,166854.928797389
2099,144856.489942043
2100,190904.511812559
2101,147065.890551762
2102,204600.028304429
2103,216031.350383436
2106,236889.163684871
2110,202662.643399544
2111,127198.436500106
2112,160695.934478684
2114,147976.990618666
2115,215558.619584149
2116,145644.429124409
2118,161924.535965829
2119,150460.074090926
2120,187533.640722713
2121,139562.722765427
2122,134655.612257428
2123,142255.881123841
2124,202807.94437726
2125,196197.357262754
2126,300353.953659819
2127,98945.2349125162
2128,194388.975344237
2130,205947.931923985
2132,165100.497051295
2133,243641.434227939
2134,191813.105873036
2135,194458.373655592
2136,214887.919893525
2137,159592.068560984
2138,161347.98522683
2139,204070.293120042
2140,157107.280698189
2141,217280.916872237
2143,187139.287832927
2144,187090.766953934
2145,207087.753802074
2146,152154.766416574
2147,182879.818494773
2148,226169.662395288
2150,208199.344926558
2152,177013.62917461
2153,175749.572618787
2155,149924.678028429
2156,182163.193919079
2157,193291.248542652
2160,129509.627324508
2161,139919.740622392
2163,153013.588229232
2165,173454.883552354
2167,171565.275422273
2168,158415.792518175
2169,205497.536609794
2170,213479.54538581
2171,174017.1125365
2172,212473.186724253
2173,206763.955218021
2174,117927.464129796
2175,162136.74030582
2176,132896.556720415
2177,200228.992125041
2178,150234.661988268
2179,185051.866122688
2180,164636.965161831
2182,148121.696130849
2184,200219.878756864
2185,183446.7929741
2186,96688.9420559871
2187,220742.122798661
2188,165796.952769147
2189,171302.731151414
2190,189006.72647539
2191,187932.512285945
2192,168332.2538718
2193,148110.733001264
2195,158256.242339444
2196,200881.623278419
2197,152528.675751024
2198,160880.563229278
2199,203643.537395711
2201,189324.81412648
2202,148838.793482086
2203,178369.782784899
2204,185528.848241138
2205,143715.39969706
2207,189120.769699471
2208,156759.796292564
2209,151275.243315993
2210,136096.13313765
2212,235254.052606713
2213,188697.684309484
2214,161186.82375269
2215,210013.669647614
2216,165159.163187837
2217,177774.374176356
2218,190757.65166746
2220,116111.998097038
2221,146675.637469164
2222,192843.835103712
2223,154759.915582573
2224,214868.128151636
2225,136001.902793576
2226,189294.877154218
2227,210996.583710509
2228,108189.481962315
2229,168232.053780164
2230,196275.144333115
2231,229422.048893715
2232,129131.059695267
2234,201448.678222256
2235,163151.096118764
2236,168360.175255292
2238,153165.95240442
2239,139018.225462143
2240,187730.136451941
2241,131973.411519806
2242,206712.025868281
2244,128739.634098627
2246,143174.054740763
2247,204839.227590256
2249,196940.643728916
2250,208767.398497264
2251,154447.767184078
2253,133970.777296963
2254,229892.018168584
2255,91038.4833620824
2256,212650.09458672
2257,207189.981261809
2258,191398.518291126
2259,172414.06272228
2261,173035.83670544
2262,233888.296210493
2263,212404.276399279
2265,154575.988909475
2266,191989.370576005
2267,192995.510319651
2268,172146.23653743
2269,167676.845801299
2271,159112.922906439
2272,175231.035894189
2273,151219.441307555
2275,174463.043627842
2276,195392.417812328
2277,132866.625231476
2278,181614.216391353
2280,175724.318184539
2281,158317.023216935
2282,145223.181557611
2283,267237.146229863
2284,279093.51528671
2285,181223.916564005
2286,102842.649327538
2287,150304.41780437
2289,180243.837726984
2291,177475.360582138
2292,270323.608605413
2293,206099.51024082
2296,120719.835867755
2297,153411.147510051
2298,117089.476822787
2299,181408.113186312
2300,148857.424425586
2301,162974.348854067
2302,140306.506676036
2303,254384.175280026
2304,221156.248644655
2305,198454.089532449
2306,190918.51244648
2307,204865.878364841
2309,179377.323146131
2310,134913.197422413
2311,220223.00948252
2312,205694.249117754
2313,212046.058595306
2314,201374.706873659
2315,138832.824968131
2316,184693.567673046
2317,139234.328076526
2318,209225.080868337
2319,170699.414928695
2320,129458.794695458
2321,164185.839181382
2322,107248.149852624
2323,145481.853324385
2324,141401.952356715
2325,175426.821834892
2327,231836.522351419
2328,200551.599136834
2330,211667.615989074
2331,143082.179915998
2332,170583.19645554
2333,171883.43989636
2334,192029.249056205
2335,113529.14924674
2336,205414.638565371
2337,115986.817652822
2338,157772.87281755
2339,121760.121376157
2340,295240.965331228
2341,189361.316825622
2343,182670.281389701
2345,184815.362569476
2346,206030.69863043
2347,205773.697793458
2348,146473.198013483
2349,162220.505842773
2350,153025.93337461
2351,195445.168020314
2352,139945.286118757
2354,174319.208013128
2355,175881.716758169
2357,143633.706306569
2358,216766.292428064
2360,166168.72554638
2361,142132.355987703
2363,183553.827482272
2365,143102.195100037
2366,177229.398539187
2367,172048.752990857
2369,128412.083344265
2370,139961.185019621
2371,168251.085490474
2372,196959.549957651
2373,130851.651653157
2374,149180.95671369
2375,137874.450094432
2376,198039.252495201
2377,221867.840300559
2379,95116.0223490271
2381,170552.529579423
2386,224967.359314366
2387,121968.631960231
2388,182534.502029372
2389,154900.172072439
2390,143423.375542762
2391,107042.060267081
2392,209900.037489139
2393,164771.18733775
2394,156492.3412608
2395,139118.175584236
2396,208884.833253574
2398,170218.785914573
2399,209649.519076379
2400,186146.331635001
2401,183638.061459328
2402,170826.111877482
2403,162598.77126002
2404,177128.249614053
2406,172466.362917217
2407,140435.206942263
2409,215536.158415506
2410,162656.048846819
2411,160743.189790377
2412,182940.131792611
2413,112431.441181097
2414,161935.408449905
2415,194399.034003264
2416,171485.944807145
2419,242439.908099209
2420,195800.690966764
2421,124491.177057703
2422,144607.949836544
2423,175150.269182224
2425,144706.303675907
2426,179040.166507527
2428,178564.23385267
2429,142574.368742098
2430,203300.628056083
2431,182804.936922239
2432,93905.4680922492
2433,154930.834938387
2435,158352.030403188
2436,196279.446132173
2437,129044.527217754
2439,164075.313919108
2440,121017.364101813
2441,132929.795937495
2442,148562.124370985
2443,178503.207424103
2444,132535.290367501
2445,157860.909897558
2446,220264.8750985
2447,159518.408139429
2448,205952.56879337
2449,135928.931092901
2450,129378.810061265
2451,200032.942754173
2452,217441.53934197
2453,220269.444930327
2454,171384.658932194
2455,132008.422063297
2456,120218.062468624
2457,124564.907030089
2458,132905.353832775
2459,161912.75872403
2460,206724.565905274
2461,148433.878124308
2462,213134.937443787
2463,131847.76064117
2464,165302.741352864
2465,158811.906956305
2466,66264.1873290241
2468,136924.086518751
2469,127169.069622813
2470,189425.138580763
2471,165032.208561737
2472,209575.965320133
2474,123436.437343819
2475,148738.735151072
2476,179201.442791275
2477,205249.151007725
2478,173016.482805534
2479,182947.297832698
2480,191071.291317449
2481,153916.92186691
2482,209487.694297174
2483,172399.731033259
2485,218815.319751181
2486,199440.431707615
2488,161363.982694847
2489,176227.037412878
2490,182673.654211201
2491,210497.326584358
2492,174215.099331395
2493,256136.18729698
2494,181511.118120603
2495,129800.323697537
2496,168723.215561758
2498,180935.57078897
2499,138425.561887708
2500,129423.670506444
2501,126181.453219498
2502,186651.714873107
2504,174441.701790418
2505,226711.709137219
2506,171720.599473618
2507,215771.824145974
2508,175267.340403097
2509,184079.512991185
2510,195417.711291874
2511,192617.591414579
2512,206364.560967329
2514,165604.861824986
2515,165853.275032074
2516,165646.871603923
2517,156552.677140507
2518,239714.304751392
2520,151109.77607006
2521,190632.445777507
2522,197176.508517634
2523,168978.767915284
2524,239040.11624597
2525,166947.618997753
2526,179799.64386476
2527,225184.079170085
2528,175367.111753689
2530,159319.672771828
2531,147866.954224892
2532,204030.506238539
2534,190544.03097217
2535,202225.212130006
2537,188421.613755196
2538,143788.934771316
2540,148074.494253281
2541,152936.872351158
2544,189347.300226917
2545,189160.412762385
2546,172140.647161571
2547,191751.795424012
2548,170369.356522042
2549,173121.320497885
2550,178734.261153527
2551,99268.0581672209
2552,171431.088046013
2553,144455.918394609
2554,172686.884906308
2555,179707.257569737
2556,106775.637139607
2557,169189.339551946
2559,168057.383710038
2560,128207.599456888
2561,189825.200788479
2564,197041.681471527
2565,126016.314383815
2566,128229.702249436
2569,212899.240764891
2570,173849.90327827
2572,135964.231171779
2573,146264.091185853
2574,208006.827682481
2576,158991.193368374
2577,127974.997139694
2578,216088.975236402
2579,179433.627684575
2581,190025.296381723
2582,204011.262273629
2583,174575.43611701
2584,158814.459052732
2585,173318.908660153
2586,148073.465621035
2587,153306.437046884
2588,165042.531648238
2589,163565.152474544
2590,182012.686251204
2591,161876.416516836
2593,183058.684522889
2594,203580.836858492
2595,142476.320266841
2596,187643.552593472
2597,156113.257519921
2598,163400.160099652
2599,185938.95165921
2600,145679.657635486
2601,210906.47338352
2602,148240.185010427
2603,168387.373278692
2604,186383.15623018
2605,160226.156549602
2606,162854.39368924
2610,254886.453491771
2611,187940.67530624
2613,179385.284408325
2614,166662.986723583
2615,182687.363139837
2616,159709.71557684
2617,129221.447427665
2618,152827.734030663
2619,171591.755689126
2621,151135.005491186
2623,172003.60145518
2624,216826.021573583
2625,211266.590600014
2626,142848.731405254
2628,101072.366292702
2629,201312.640358268
2631,168105.045062558
2632,216641.807852366
2635,143670.591877546
2636,153947.91122244
2637,130244.205603358
2638,157046.838549349
2639,180634.069742221
2640,164717.029624621
2641,178800.965007915
2642,164846.421092261
2643,183984.379124273
2644,159436.273622849
2646,127888.157865987
2647,216653.725780161
2648,175367.90293207
2649,195636.273111287
2651,167947.351930627
2652,185541.906741283
2653,171206.170786266
2654,208383.772807668
2655,142776.581488237
2656,155922.897595046
2657,195782.080921435
2658,222376.08539114
2659,209990.464244556
2660,178467.060664572
2661,182857.628196917
2662,194952.338870948
2663,149294.78780871
2664,226851.865126298
2665,192453.632154564
2666,147515.017682512
2668,158606.554700465
2669,200779.158592798
2670,140731.557481145
2671,115018.233524396
2672,147003.175291974
2673,179004.651484229
2674,149422.164937896
2675,130731.660349499
2676,164317.041795581
2677,195406.650529332
2678,185253.403140373
2679,241824.089870396
2680,180393.509575934
2681,150788.459601176
2682,198594.30269708
2683,150208.638824905
2686,174933.523298194
2688,208458.280895315
2689,165546.72718013
2690,143397.264561769
2691,147823.485355704
2693,129901.450445649
2695,186113.229993197
2696,166347.58074107
2697,242358.810069824
2698,160893.774070351
2699,165822.994346369
2700,227424.012611384
2701,157792.678630618
2702,137044.879275911
2703,139833.606617468
2704,218791.583909091
2705,201693.210540262
2706,216536.911702484
2707,139605.775247021
2710,168173.61985575
2711,238230.361617668
2713,201512.261113438
2714,184465.525963347
2716,191492.069663493
2717,113714.799891107
2718,181851.877723875
2719,152359.687524809
2720,183101.452386813
2722,150718.151045938
2724,188604.80281319
2725,155063.177222536
2727,232391.349959553
2728,324683.880166589
2729,155440.885384182
2730,222540.986532889
2731,175060.067029336
2732,248158.59153303
2733,179963.14661861
2734,204491.470444947
2735,155408.176205717
2736,149925.846782833
2737,163849.816997885
2738,159926.649660375
2739,155519.274008506
2740,188028.940069832
2742,163335.633933392
2743,144339.549131554
2744,115347.921584691
2745,181044.280541892
2746,197545.075806758
2747,189406.190823181
2748,189583.574682269
2749,207558.935508878
2750,153659.283921774
2751,182225.040840296
2752,111307.73293073
2753,198660.325709207
2754,134833.963442544
2755,159826.501353421
2756,242630.48940638
2757,171813.310734652
2758,145486.694721313
2759,169439.88208825
2762,171400.575447358
2763,123221.529355403
2764,164187.432269177
2765,168792.623108963
2766,162791.504187658
2767,245849.521053127
2768,160520.952394085
2769,199076.135456537
2770,175761.20878018
2771,182806.74106426
2772,177099.545509188
2773,184810.587502652
2775,134010.355307725
2777,190704.959122391
2778,185614.131333288
2779,147516.952155623
2781,179555.186100138
2783,167216.196602122
2784,176751.652075175
2786,194368.287403431
2788,185672.897292168
2789,233759.936710966
2790,189499.129155983
2791,139913.698593257
2792,157987.511973605
2793,190740.738058048
2795,125496.829046318
2796,245397.823270674
2797,125587.929910535
2798,189565.470057534
2799,189713.434452892
2800,200602.854409621
2804,195593.848943874
2805,145528.04372356
2807,211001.491004482
2808,162969.202409035
2809,133465.652273272
2810,130258.123260153
2811,149210.594574878
2812,221208.330080823
2813,203511.905667217
2814,185897.631001135
2815,276435.712417009
2816,162971.449028488
2817,233983.317569768
2818,156594.049546552
2819,150958.571803225
2820,273193.403557611
2821,150631.800690099
2822,172059.435963681
2823,153336.558914303
2824,204381.891386152
2826,126252.885931873
2827,116914.313698359
2828,158673.044431516
2829,129313.771646995
2830,206234.724775392
2831,178075.715531104
2832,158098.857931544
2833,149107.82257216
2834,181502.905878641
2835,157945.852782162
2836,210296.370710495
2838,173179.401420037
2841,131441.765355561
2842,187300.201196698
2843,188825.948709719
2844,205294.032334307
2845,118301.480451123
2847,201707.03164292
2849,120805.791017884
2850,192785.258357638
2851,146762.097794257
2852,129111.130774129
2853,196198.933334515
2854,177547.500983609
2856,296068.78155232
2858,244959.54229832
2859,152529.871771598
2860,144142.950314331
2861,168844.747483494
2862,174240.544852887
2864,180334.238782479
2865,235091.226219226
2866,193687.505726664
2867,150085.396543586
2868,183050.11132101
2870,124062.485847292
2871,162004.847232431
2873,152574.536339541
2874,136443.800452352
2877,151231.084525782
2878,170787.33848097
2879,163655.492429693
2880,216335.044253412
2881,119543.494047162
2882,147847.652298461
2883,211149.196257845
2884,211217.768734055
2885,137328.478103591
2886,204338.876826272
2888,203498.399302307
2889,132350.488864797
2890,172747.487302847
2892,177781.192900147
2893,205454.326471745
2895,210669.463692967
2896,173407.742924022
2897,146237.161997333
2899,202559.760867842
2901,157473.235591423
2902,150973.630076654
2903,276086.563661771
2904,195542.45478662
2907,130659.018891733
2908,187621.350833927
2909,185821.289769669
2910,188910.968037014
2911,173106.378964239
2912,158528.453502649
2913,198805.291752846
2914,195862.972062669
2915,162703.559849717
2916,198189.734234798
2917,160766.722219129
2918,128023.910380494
2919,171253.075002514
2920,187762.344698544
2921,240104.171761998
2922,217580.174666815
2923,203452.540925805
2924,182665.872226216
2927,139149.685453818
2928,200556.767012095
2929,147796.618699138
2930,178811.028291875
2931,167406.404131491
2932,220157.327457278
2933,168007.847278986
2934,208598.81466081
2935,137689.815602673
2936,223889.527417881
2937,197207.956183383
2939,176827.074594975
2941,164621.561640496
2942,175339.193498392
2943,170822.97579425
2944,190336.998436401
2945,236726.792411001
2946,180255.531559288
2949,157420.150848053
2950,141995.996184525
2951,127656.566988566
2953,202813.783268845
2954,192783.506925632
2955,198588.322325398
2956,242147.626047389
2958,246244.51954141
2960,125216.098677767
2961,184308.718827541
2962,149937.190878703
2963,199642.530929806
2965,122749.3552533
2966,173052.733300208
2968,147811.780927731
2969,229430.428390032
2970,136484.622878384
2971,176868.339210288
2972,210950.652581927
2973,181926.253990919
2974,167356.392848856
2975,191530.419987074
2976,200847.288955214
2977,176913.521008647
2978,166066.554461865
2979,233137.838486946
2981,150173.862926038
2982,140378.004221597
2983,219101.909152306
2984,132140.267496818
2985,107965.38897339
2986,133849.70100326
2987,162046.915762662
2988,131090.274206244
2989,126111.386650315
2990,153190.751301253
2992,139930.329934653
2993,142744.345531143
2995,246826.657507687
2996,193766.127088229
2998,158418.128530086
3000,126598.411639097
3002,188950.986694509
3003,160824.890264414
3004,168391.371803423
3005,210415.400863278
3006,191173.161360816
3007,135992.946064829
3008,140128.318416447
3009,181569.332889237
3010,192882.124336779
3012,111640.535675533
3013,134634.690274338
3014,265350.993956329
3015,115769.83105814
3016,177488.820543583
3017,170149.406607276
3018,169573.663726496
3019,157950.821103904
3020,180287.524637239
3021,143249.703359181
3023,130934.390268946
3024,153929.742679076
3025,140601.523729517
3026,142675.349608102
3027,115382.709951215
3028,149963.758735177
3029,164907.970093971
3031,152828.819276064
3032,246187.372223147
3033,252411.45607615
3034,133288.819164868
3035,133541.413728698
3037,120862.744620054
3038,153080.228826839
3039,140910.325951506
3040,160074.930388274
3041,138619.689629442
3042,191687.068616062
3044,138937.38461219
3045,180791.251990681
3046,171333.10339333
3047,184902.561833812
3048,172723.302607406
3049,148110.074177468
3050,210738.097173894
3051,196603.904855032
3053,157859.863839053
3054,186632.449084927
3055,174116.397324515
3056,176986.998125372
3057,209582.240414093
3058,186985.269792544
3059,208258.544378058
3060,181262.677255432
3062,124091.474642775
3063,180510.132218894
3064,213891.973895151
3065,187063.686704216
3066,154821.210795756
3067,110606.302876421
3068,144467.627273289
3069,221245.171939791
3070,164315.397981483
3071,185408.076761811
3072,186578.862107143
3074,180435.892139749
3075,171030.87419543
3076,126381.718312986
3077,98069.7853048884
3078,125935.043390252
3079,124515.081812897
3080,129134.561315024
3082,129548.357864527
3083,173504.918029479
3084,198680.29381997
3085,218174.683974551
3086,220355.329132005
3087,133030.908950611
3088,156646.721091334
3089,192396.556992326
3090,163605.379729142
3091,133758.080759031
3092,84386.4629124455
3093,194377.986144137
3094,179724.584739147
3097,145910.328533618
3098,179418.990681529
3099,125231.858300707
3100,142879.321935076
3101,141029.925139191
3102,162103.623825311
3103,139287.648030968
3104,125569.546782386
3105,197043.253251327
3106,177041.024419604
3107,195254.752430822
3109,124864.317544107
3110,156129.309642281
3111,188664.627282703
3112,212586.49685667
3113,168125.981673574
3114,219150.183118177
3115,197361.540548292
3116,151296.277539516
3117,176525.488390408
3118,182780.319344482
3119,165764.733439842
3120,114118.717197492
3122,183345.015069354
3124,196685.967819247
3125,203082.41743651
3126,186321.614805805
3127,155208.421029504
3128,194739.464953677
3129,101625.308469454
3131,181414.816170705
3132,180694.95770326
3133,163411.650887629
3134,185028.435838959
3135,150483.123249798
3136,146429.367504873
3137,223808.860927373
3138,174950.023417925
3139,167556.423481608
3140,166887.596013443
3141,159465.055228397
3142,174457.226423742
3143,200129.907927144
3144,200037.626601911
3145,236267.263518538
3147,137820.358099816
3148,139513.282987662
3150,213908.198447145
3151,182923.013129959
3152,232785.741415827
3153,200259.820931018
3154,159267.216647701
3155,176802.725445669
3156,166706.929852047
3157,190741.570966618
3158,196362.310874938
3159,164186.450442028
3160,167649.95511978
3161,218084.315950129
3162,154956.540645683
3163,241026.946927942
3164,196747.838605231
3165,162188.130519521
3166,187730.142589565
3167,184385.461287573
3168,167920.445910725
3169,154266.737503203
3170,122172.609605155
3172,151212.704295348
3173,204164.156691319
3174,222585.956936892
3176,193550.196556337
3177,258369.615883033
3178,195918.82572579
3179,196346.475019957
3181,167520.515138281
3182,179389.562811422
3183,166059.054240001
3184,163124.466107173
3185,266942.174925999
3186,188242.244996981
3187,185531.129455005
3188,126045.892585345
3190,132502.411223111
3191,194789.902975861
3192,144629.428685508
3193,164887.551930416
3195,181965.138013119
3196,255480.018168749
3197,166444.101483828
3198,141354.651673551
3200,229222.403683739
3201,137509.779307413
3202,202250.816275782
3203,133761.553400572
3204,181903.532458412
3205,128518.450343855
3206,171526.377301326
3207,152207.14646705
3208,101367.382654284
3209,180771.896643991
3210,160807.419637083
3211,176567.16760183
3212,199151.985290419
3214,180760.964217378
3216,174579.708892622
3217,227661.499335388
3218,199193.831983428
3219,130548.762788828
3220,96286.717652862
3221,141251.405970623
3222,182822.169643523
3223,193009.59906502
3224,149017.776401579
3225,171395.403859214
3226,140255.917187059
3228,231577.222472182
3231,156505.170589029
3232,195836.685613942
3233,160734.771385819
3234,141953.443205859
3235,201906.816611882
3236,169097.903564439
3238,187512.951736441
3239,172366.817160605
3240,154343.507706022
3241,185142.754367792
3243,105483.113221661
3244,124469.045569325
3245,224823.218782295
3246,233594.752635127
3247,206851.592306897
3248,193413.099210213
3249,180014.232595975
3250,182899.525425604
3251,243990.56681998
3253,112906.83992387
3254,155143.96425277
3255,205340.747916508
3256,194245.365686687
3257,243044.452669704
3258,194542.644911638
3259,208914.867939016
3260,180356.867516881
3261,203980.024907585
3263,134970.586793491
3264,165388.088553811
3265,176010.100399045
3266,181897.986504614
3267,129042.198120806
3268,105598.690918746
3272,128458.95057637
3273,178713.476718282
3275,216165.974914627
3276,198805.039055572
3277,196199.142565801
3279,208633.797519083
3282,196863.194715914
3284,179653.353837288
3285,132928.777219534
3286,184644.032861185
3288,150631.311754797
3289,173962.057949749
3291,207557.594720361
3292,175315.034515212
3293,142731.765517733
3294,169502.089298521
3295,158563.302177567
3296,132384.494418277
3297,193262.680526111
3298,147077.050207988
3299,169376.226378438
3300,186572.248674868
3305,151404.856036767
3306,174018.858376202
3307,169980.485551409
3308,195674.261860031
3309,202893.610735208
3310,180251.898102664
3312,166164.033843511
3313,192170.909544805
3314,169041.375832963
3315,149159.839354989
3316,215948.477473622
3319,123705.979186192
3320,213759.589663114
3321,223460.141806882
3322,146654.917574268
3323,115115.865382515
3324,195822.720572945
3325,152954.080382622
3326,203444.921287568
3327,253455.528197215
3328,135613.965962272
3329,215983.093407638
3332,184217.265721582
3333,148599.01368202
3334,151857.669117508
3335,194257.491731938
3337,142520.680428506
3338,185382.496465477
3340,192561.893248566
3341,221140.050674333
3343,175699.979124346
3344,168079.73071257
3345,131161.383729972
3346,208505.84016375
3347,148217.596997878
3348,194107.718669613
3349,214986.102173709
3350,144517.162518383
3351,223768.192759228
3352,178449.851528616
3353,91068.4972864684
3355,162477.668236605
3356,119793.855773378
3357,159957.789741468
3359,196782.164653589
3360,176015.005230738
3363,190841.353991456
3364,237936.852199504
3365,196943.327765798
3366,127786.981135552
3367,182188.6203535
3368,151597.550591261
3369,157487.425823028
3370,191819.602627611
3371,142625.54236927
3372,78540.4176065584
3373,247377.245950647
3374,162164.237566668
3375,99122.2999418349
3376,190015.629187755
3378,168756.960527488
3379,138239.983873173
3380,193070.14440382
3381,101609.653623681
3383,186287.153413274
3384,239917.109367995
3385,143614.254847903
3386,207176.363298647
3387,113674.90252507
3390,154888.71853131
3391,186238.019339702
3392,122242.009613744
3393,121095.101948764
3394,187701.764848147
3395,166320.346573403
3396,176303.735503673
3397,136313.745312424
3398,213285.407575719
3399,180591.847607645
3400,120961.783533447
3401,170556.905261634
3402,159225.940445881
3403,161725.179949355
3404,225560.268303285
3405,179858.660424783
3406,175279.517539545
3407,160044.015640713
3408,195160.267076906
3409,255078.924875002
3411,284273.230209382
3413,184761.826030653
3414,181384.767851871
3415,158976.495645479
3417,149077.796075473
3418,154367.784604883
3419,171419.130861888
3420,159719.349626286
3422,187333.49731309
3423,169576.723028958
3424,205759.527314508
3426,143112.475623734
3427,185759.085494826
3428,182505.759381477
3429,179992.169169398
3430,197852.605611039
3431,146636.807769375
3432,191432.6641839
3433,142177.307713118
3434,206525.397500814
3435,179641.695554196
3437,183413.203602957
3438,85342.1270680657
3439,181484.940122618
3440,196145.551845697
3441,132409.243723724
3442,166726.488020004
3443,204444.745233334
3444,119108.956214079
3445,231438.652959907
3446,201979.36536623
3447,234614.401285797
3448,154358.697190761
3449,143563.009317362
3450,189697.194747963
3451,148141.015992026
3452,166045.465098435
3454,168304.01335118
3455,138664.951424966
3456,208968.585153792
3457,193060.115222276
3461,168000.663831686
3462,141561.423753383
3463,189627.931497432
3464,166365.461675184
3465,135608.743570882
3466,192306.988750501
3467,197848.681261836
3469,169070.084002721
3470,139255.543302101
3471,116936.358032912
3472,211504.916383191
3473,225105.993924582
3475,142192.474684551
3476,144658.293071667
3477,140649.442057934
3478,153835.348102319
3479,211908.991112574
3480,126883.363397785
3481,240031.282462497
3482,193677.876430911
3483,166845.989437985
3484,118407.667420753
3485,195869.742333667
3487,148399.687320966
3488,132134.78231978
3489,169359.5813712
3490,160084.306973067
3491,179293.094875541
3492,181759.329552722
3493,122516.822762423
3494,200599.092170643
3495,181146.380185204
3496,222782.439854421
3497,163027.82420521
3498,207325.148066647
3499,165919.019338877
3500,104397.11664641
3501,175497.514719507
3502,141556.769949207
3503,139165.227313131
3506,177958.2517393
3507,166696.132233385
3508,197768.273000598
3509,147661.452452905
3510,222442.40209723
3511,151277.939997976
3512,138245.462630899
3513,146113.691947652
3514,122438.336814798
3515,168853.952958994
3516,205162.832321766
3517,191637.510420478
3518,164372.374414769
3519,180491.791568365
3520,164663.689931682
3521,167926.51234213
3522,186439.370637758
3523,204224.709782122
3524,184486.123118587
3525,113886.256489401
3526,172286.257334906
3527,194848.824911573
3529,131239.240302799
3530,268252.047958603
3531,162472.120844236
3532,166981.516841912
3533,194093.66601813
3534,171344.248633232
3535,177376.482566453
3536,191025.435409452
3538,146392.317542776
3539,118697.027149716
3540,145795.942945341
3542,237784.001643324
3543,125687.741745381
3544,187897.151733583
3548,150170.357784679
3549,177994.692332878
3550,211617.244224025
3551,238134.099176493
3552,126001.908602168
3553,170323.267992025
3554,173853.773418656
3556,206319.243881385
3557,120262.753529783
3558,148117.248497556
3559,200807.039088596
3560,117666.078725541
3561,176620.797610132
3562,158266.406141491
3563,150016.491481042
3564,174821.654256466
3566,115528.53229651
3567,151290.347647503
3568,176556.980063028
3569,109291.426583544
3570,151021.256626075
3571,162459.181645512
3573,184721.441137799
3574,210849.946025285
3575,160706.131547096
3577,127609.121520943
3578,188238.130144211
3579,151296.810543084
3580,222324.204635968
3581,195010.660136158
3582,233583.90819116
3583,170992.848628749
3584,221006.285761158
3585,230038.707004285
3586,173671.41616775
3588,157030.099126019
3589,190267.185721337
3590,109883.979804076
3591,231878.314911992
3593,147026.047695641
3594,192677.470893818
3595,138144.36236577
3596,133475.20665536
3598,234866.341522265
3599,172479.75201794
3600,292610.635631641
3601,112276.451595064
3602,148453.417543779
3603,178851.839156028
3604,146875.377668505
3605,209849.04813656
3606,158287.886965498
3607,227963.918620723
3608,103080.083563514
3609,227191.569986188
3611,179757.413495711
3613,206376.056071424
3614,161864.524477842
3615,161881.469104974
3616,150008.362415424
3617,223737.791379654
3619,131224.535248186
3620,196247.659611598
3621,119857.276411125
3622,175181.471834057
3623,166760.204956433
3624,225842.216809397
3625,199122.571252015
3626,181114.637747592
3627,153183.2789439
3628,127756.639352277
3629,165662.602690457
3630,173445.677425789
3631,163620.406188178
3632,144475.478011309
3633,154787.297347659
3635,171362.544314667
3636,139723.013113845
3637,204863.42928371
3638,122913.355750717
3639,144860.206487639
3640,158858.192515838
3641,152922.014891968
3642,146547.43098247
3643,182135.833967928
3644,116349.545934707
3645,191410.701181578
3646,159877.63114776
3648,131227.619167392
3649,224701.062708601
3650,146245.307262994
3652,170085.847052058
3653,155577.515551099
3654,147856.272946702
3655,174524.854389889
3656,144256.052280304
3657,216469.052327498
3658,135021.627247478
3659,189268.255251283
3661,219003.643968719
3663,125961.029910782
3665,155568.913408547
3667,238666.943105528
3668,168821.192879815
3669,147418.85722093
3670,184055.646137628
3671,142717.0002643
3672,204838.192481307
3673,209920.834947499
3675,149436.270414102
3677,161351.982781077
3678,181785.78147556
3680,234545.888442454
3681,186892.25784452
3682,147805.778545491
3685,137825.195116977
3686,158914.259217092
3687,236885.265595141
3688,147893.831791511
3689,127464.467808504
3690,214820.630611456
3691,142380.653891349
3692,118511.013626994
3693,196851.189756186
3697,112248.582258733
3698,144850.28301262
3699,198487.65948968
3701,184544.176651623
3702,167442.820629661
3703,157206.960428854
3705,226868.451183939
3706,148032.453762333
3709,204904.690659938
3710,134230.075212421
3712,174273.396040091
3714,121691.617432314
3715,130197.39283664
3716,144202.931748638
3717,230105.671097498
3718,137824.71659368
3719,174197.119630432
3720,225241.57822423
3721,172034.22737045
3722,127501.453088317
3723,174263.222557021
3725,158676.155297266
3726,189672.411117649
3727,135705.655971037
3728,172152.918044758
3729,163852.365866779
3731,148062.111978577
3732,201117.765713454
3733,80966.5315071083
3734,166173.48788548
3736,203553.161378492
3737,166618.629497789
3740,162366.820608911
3741,121031.301221613
3742,178231.4342401
3743,140269.100973483
3744,204541.239513861
3745,193346.811215932
3746,157739.657405149
3748,218233.45854128
3749,243250.683737481
3751,178702.676434903
3752,254274.229960028
3753,178207.554598224
3754,205366.23619965
3755,174566.52317171
3756,209221.293231541
3757,151835.896474155
3758,224139.726577312
3759,185775.764340494
3760,204017.074054769
3761,189625.913763015
3762,200653.24689851
3763,197961.155407173
3765,158608.035764261
3766,137705.628966851
3767,144520.50132409
3768,230468.467217092
3770,145340.705897859
3771,125613.275819347
3772,142394.654960691
3773,192721.69008205
3774,188259.283500638
3775,149505.938097725
3776,181173.074061044
3777,157138.004790525
3778,232202.062112412
3779,169799.594979571
3780,141331.776953654
3781,222712.233549404
3782,128341.202306386
3783,228183.350357156
3784,93852.5825711367
3786,117191.445790835
3787,218837.194761045
3788,137360.471697184
3789,237462.129977555
3790,151917.340799713
3791,201320.242864704
3792,163831.742893903
3795,157205.282919516
3796,185359.103007867
3797,163414.327113062
3798,159702.189495339
3799,151732.974773953
3801,145164.068241433
3802,232094.973676589
3803,184177.165709684
3804,138163.691276885
3805,227651.929705121
3806,173538.956029737
3808,229581.24462297
3810,137490.111013439
3811,182994.211519003
3813,188553.646503504
3814,165377.699169035
3815,141569.362903488
3816,131568.712585863
3818,145146.351631033
3819,179961.641288473
3820,128472.369743276
3821,114069.167967587
3822,169989.212678628
3823,155072.089126756
3824,105267.375949006
3825,144270.595595699
3827,164201.981799133
3828,197705.502011216
3829,158235.38126203
3831,216482.684616015
3832,183299.723012259
3833,156722.958078589
3835,190773.158745692
3837,202457.096749265
3838,174072.569702211
3840,169504.492682917
3841,160286.68628913
3842,159620.337582782
3844,156511.038025932
3845,139863.748374642
3846,134197.669266315
3847,230439.992705759
3848,116739.730523688
3849,179038.098169544
3850,211009.683927467
3851,185638.508475388
3852,163028.799098605
3853,126343.344061364
3854,174591.076005365
3855,152924.604831054
3856,173957.335435751
3858,138310.470994085
3859,177159.741235396
3860,187766.242957256
3862,214310.06211616
3863,182696.627491497
3864,194109.564965632
3865,131902.392698122
3866,120060.870711426
3867,151319.292510243
3868,208216.49202395
3869,236849.665589877
3870,105732.933306396
3871,229677.339402981
3872,155961.270659653
3873,178910.334617075
3874,199132.589642222
3876,182059.456734986
3877,157363.764906105
3878,192173.608211742
3879,166683.301352498
3881,109875.704448163
3882,173153.190773641
3884,196563.867447091
3885,202784.993874516
3889,169760.487020637
3890,194830.103160517
3891,151623.189635047
3892,195010.794673811
3894,124042.527810273
3897,204073.074240116
3898,165882.123782968
3899,171567.585946504
3900,192539.153296891
3902,150464.025820764
3903,185269.253354612
3904,204059.444057669
3905,190615.98245503
3906,157884.093114242
3907,141006.697025305
3908,185556.982806446
3912,171958.720866755
3913,188679.591170115
3915,141625.231402445
3916,116571.646977881
3917,137436.911598949
3919,158643.038061346
3920,236134.087069943
3922,216917.151007056
3924,139815.179216691
3925,113012.555812046
3926,185807.686957915
3927,99847.0581422515
3928,146686.652227355
3929,162309.63348091
3930,183303.703804321
3931,144042.785557971
3932,134806.782330065
3933,130356.015089277
3935,233098.562533566
3936,243022.681588284
3937,179573.336476664
3938,140344.882519482
3939,150670.144602995
3940,218728.878189433
3942,184789.489381383
3943,143771.80898329
3944,159609.753096391
3946,142530.487733503
3947,144448.825927927
3948,206840.27974505
3949,171024.645104636
3951,164867.679771396
3952,178489.562567984
3953,213683.731740272
3954,194147.740015788
3957,202738.371206523
3958,167002.647393752
3960,216746.964277301
3961,199116.661859297
3962,143954.63828735
3964,184681.104042909
3965,199019.512179175
3967,143943.988387294
3968,174843.716977379
3969,168691.043399886
3970,223683.522022856
3971,174553.952387235
3972,149522.537308502
3973,138727.955953483
3975,196687.014020088
3976,154586.491889958
3977,158571.81157224
3978,171135.309947113
3979,168648.374980467
3981,215666.612136419
3982,177463.106323511
3983,172827.973169262
3984,177317.022374133
3985,136448.761421083
3986,245820.715985576
3987,132406.601580944
3988,163982.165777551
3989,213254.084604762
3990,162077.742198684
3991,168911.675234125
3992,177911.833082494
3993,201811.693691472
3995,196577.362905154
3996,152378.723270186
3997,249705.210771999
3998,193982.17520753
3999,168336.933492739
4000,151912.485087834
4001,164734.347690365
4002,171878.564028472
4003,167832.553339878
4004,141038.142218566
4005,222387.291303277
4006,224383.293916719
4007,182940.798361631
4008,169179.698731458
4009,189506.724064186
4010,208685.673397755
4011,155386.892195236
4012,146335.976696017
4013,177253.956787773
4014,166181.943049129
4015,180348.375652147
4017,163103.837278469
4018,197093.401479937
4019,126879.005237473
4020,147070.576474917
4021,165934.689935461
4022,176464.286440854
4023,148332.607181078
4024,157742.40466337
4025,199109.898983135
4028,163929.453475937
4029,255306.746902864
4030,212984.536038807
4031,217504.093643505
4032,151047.720413847
4034,218847.216102628
4035,216796.332508861
4036,131351.772117185
4038,162187.891520338
4039,155127.362223197
4042,137450.986118466
4045,180338.725563276
4046,170687.81404433
4047,132104.968238578
4049,184959.445787992
4050,197721.113632374
4051,159724.63547966
4052,155661.405416708
4054,175627.950007926
4055,142514.45683419
4056,203130.693424335
4057,191003.915938548
4059,162709.203496143
4061,201714.247149861
4063,129557.931177038
4064,101281.624171167
4065,235759.361218676
4066,105562.571332504
4067,196201.92652509
4068,160618.997941875
4069,139906.731290912
4070,149082.279354564
4071,174642.023486984
4073,213091.73183647
4074,150872.715314949
4075,122680.729633864
4076,216080.71598254
4077,206736.221241409
4078,206044.10050731
4079,178752.737417833
4082,186185.026292769
4083,159350.875081867
4084,128979.602035013
4085,148448.10491218
4086,118222.426109424
4087,244438.137055065
4088,197740.007886196
4089,169765.704608019
4090,203080.269921865
4091,154965.96431521
4093,212590.385953189
4094,159851.794536031
4096,149635.44514994
4097,215453.80664638
4099,105731.143312577
4100,176630.932103726
4101,178065.405642313
4102,223263.959196017
4103,166365.001862448
4104,228660.407654475
4105,162712.758006059
4106,183061.345487473
4107,159844.634294365
4108,174906.455717927
4109,159463.02485583
4110,185534.465369973
4111,146238.648989314
4112,150928.861720565
4117,115512.21088719
4118,103931.021214186
4119,201616.635000708
4121,174749.858656554
4122,207237.691181981
4123,163686.955110349
4125,195753.190458033
4126,159930.703321397
4128,131322.854860434
4129,179352.43160454
4130,212180.142465655
4131,132517.561883824
4132,99325.1321926703
4134,175178.996726735
4135,162419.440542017
4136,124672.64037717
4137,137142.52053867
4138,178204.23563859
4139,173696.08524363
4140,132348.220142276
4141,95855.9686747892
4143,203722.423841736
4144,191730.377061931
4145,191682.183078801
4148,183952.5280931
4149,155176.775338595
4150,196271.566438988
4151,147180.155514484
4152,218437.282788038
4153,181048.320357845
4154,154530.042697528
4155,197433.133368359
4156,194007.243259707
4157,228001.384368261
4159,178940.721784259
4160,139349.878139341
4162,206751.640159288
4163,200724.878236893
4164,213506.483044515
4165,181678.241323077
4167,141133.133915623
4169,204701.85615767
4170,138423.960820653
4171,186434.640839549
4173,185756.275848208
4176,175595.964610961
4177,199139.192006453
4178,206000.874911219
4179,125216.465589875
4180,223358.448208339
4183,144326.426263781
4184,133575.855028858
4187,208878.330965053
4188,153780.386879549
4189,165916.760211004
4190,244115.462999641
4191,116018.344096706
4192,131280.731033272
4193,155517.216287805
4194,191642.028209365
4195,161113.025657118
4196,181778.040994964
4197,188339.350482478
4198,150212.335885739
4199,156736.741322896
4202,188397.674170479
4203,182891.855749224
4205,218153.179919746
4206,181836.957517395
4207,130763.614799137
4208,125913.454935445
4209,189765.157979514
4210,149160.613091976
4211,176802.564028689
4212,151052.028795511
4214,155333.523023509
4215,154378.829962785
4216,198275.011629242
4217,185044.477086385
4218,166674.717957293
4220,180375.522639271
4221,125562.928278411
4223,128588.999830941
4224,224299.663427155
4226,170119.55795671
4227,133925.439004384
4229,214267.995152612
4230,198865.646361798
4231,175190.261597377
4232,101601.805386739
4233,136181.873370487
4235,146752.39256645
4237,136616.371699989
4238,149279.316870331
4239,197282.008812535
4240,218451.196512204
4241,152467.925666311
4242,215857.412112336
4243,184527.711052074
4244,246770.079315429
4245,279092.03379268
4246,244047.835843483
4247,129405.382906185
4248,190243.187815385
4249,147970.914793482
4250,120786.346108879
4254,153960.995879337
4255,195666.428246846
4256,146944.231592858
4257,175966.883627918
4258,154698.283117695
4259,139423.362208751
4260,108174.378954945
4262,126837.398132029
4264,155878.199178094
4266,129761.728749682
4267,146885.150447391
4268,187991.774101744
4269,176017.812878433
4270,137823.578454851
4271,134054.619808701
4273,211408.546853868
4274,148368.203341012
4275,237175.150563252
4276,234892.985120996
4277,184285.454948505
4278,184270.342241542
4279,138382.55982664
4280,163008.018160133
4282,113678.947429633
4283,190178.465240535
4284,177593.074550617
4285,194316.305460078
4287,156598.251902111
4289,121558.610397566
4290,154381.230397548
4291,99372.1460132924
4292,192210.490986316
4293,157053.644771254
4294,212234.248303328
4295,223791.430439309
4296,146133.208749703
4297,159190.033817647
4298,177897.948391132
4299,246231.411491231
4300,144716.445841068
4301,222179.956663255
4302,272791.990750031
4303,176751.797523653
4304,169251.502285466
4305,161876.013044689
4307,267771.835956738
4309,130037.566572452
4310,166921.209072782
4312,109594.287214827
4315,149158.32745734
4316,186917.187708411
4318,145878.43999022
4319,128424.496186822
4320,215886.082116184
4321,105884.836096963
4322,189682.822608371
4323,189440.461519432
4324,224884.486371108
4325,159396.726280351
4326,182294.614063676
4327,101504.831719886
4328,115371.496065643
4329,221675.771196119
4330,167740.030373013
4331,157777.786728933
4332,165925.031411506
4333,196469.994198693
4334,151788.383617923
4335,155142.583146502
4336,145295.846716599
4337,141923.964339158
4338,147764.599304592
4340,139337.217362452
4341,194469.789915727
4342,139609.337041536
4343,163645.367802012
4345,153239.575528641
4347,121898.686624264
4348,145093.495307538
4349,166163.697914183
4350,127330.014666071
4351,183402.819074593
4352,146465.323276442
4353,229648.40683813
4354,105213.68355314
4355,157977.0892603
4356,145082.207870519
4357,141434.297262239
4359,185976.421901366
4360,207024.936391144
4362,142398.85654604
4365,121378.47890826
4366,227978.517047272
4367,152413.560189572
4368,154488.302774889
4369,142745.596903359
4370,189576.003443318
4372,168235.30438198
4374,137400.822601878
4375,193105.818805464
4376,168120.409160449
4377,159670.135305647
4378,175277.021154238
4379,187351.371493143
4380,196217.444937615
4381,132698.000845125
4382,163187.459428243
4383,138486.302460436
4384,155370.081295472
4385,135872.03037473
4386,224043.840727091
4388,161598.56752705
4389,179689.435139744
4391,171582.981433726
4394,209108.296601189
4397,183167.338310288
4398,117843.933539456
4399,133311.597151832
4400,163397.797986664
4401,182240.797104251
4402,189377.434972907
4403,228010.188788669
4404,224869.047115755
4405,169929.262887233
4408,210984.816227265
4410,179741.574320573
4412,131608.64340391
4413,136939.383741417
4414,117851.873729925
4415,155792.507488291
4416,221009.39461474
4417,217914.89445744
4418,183944.257651115
4419,196655.323764982
4420,195371.811474588
4421,261711.059317853
4422,177421.288603022
4423,127923.970549354
4424,166513.65338256
4425,104935.000340246
4426,166394.71071267
4427,185643.093820146
4428,129460.142512634
4429,178198.565683526
4430,120883.061622533
4431,167503.105105748
4432,154864.945783886
4433,211910.017519042
4434,139496.172234535
4435,136316.665838708
4436,137840.539858451
4437,177315.821928506
4438,145767.351964221
4439,205598.379037656
4440,165886.633520676
4441,236558.562262548
4444,206639.322536818
4445,169970.177868035
4446,181255.161567533
4447,114840.041223375
4448,122998.860449073
4449,176137.795027458
4450,135414.827637146
4451,153541.76917924
4452,146518.380129142
4453,153484.538390861
4454,169707.069420201
4455,102790.253352253
4456,167942.578100871
4457,132659.062536718
4458,194990.523780428
4459,163519.235623426
4461,122003.387022934
4462,230715.6195877
4463,189159.62737323
4464,199311.95377578
4465,122500.785237457
4466,199339.61865894
4467,153795.362804112
4468,270510.533841528
4469,160660.814293592
4471,176427.251050749
4472,242935.666213432
4473,206049.18752892
4474,193418.560903735
4475,172702.285140143
4476,158762.24498756
4477,228289.726644321
4478,136736.315177842
4479,238060.240319255
4480,168810.37728607
4481,148945.050851522
4482,137174.022243768
4483,196686.876835976
4484,197734.572505198
4486,121179.900785097
4487,155697.246316087
4488,138325.210418507
4489,165837.406998507
4490,163560.302926759
4491,173833.35671305
4492,191159.270775481
4493,195888.882150918
4494,145752.392154912
4495,127615.572210822
4496,165556.009452293
4497,130894.995384656
4498,142252.808208695
4499,150207.921504826
4500,145321.841281466
4504,138550.200237225
4505,210753.397626682
4507,140526.547749375
4508,171129.953841086
4509,248389.305998284
4510,198982.356750858
4511,163932.519913038
4512,202082.032406226
4513,171029.815181414
4515,176898.715127218
4516,132777.615414346
4517,165585.587793603
4519,266052.472898772
4520,144436.920244913
4521,162854.991737148
4522,125687.284381438
4523,159395.372887187
4524,152724.540280415
4526,156344.096579001
4527,215163.052522964
4528,177339.874537728
4529,218733.35138545
4530,97135.6739662662
4532,179494.504826504
4533,182490.558139195
4534,197360.013555504
4535,148541.729479793
4536,147436.952958073
4537,174469.049347915
4538,155909.166406523
4539,149635.63841775
4540,179242.588570709
4541,146162.581819824
4542,177572.965863135
4543,190324.712052217
4544,171548.961188385
4545,150544.109958973
4547,199187.285942868
4548,186372.444537184
4549,213197.532056645
4550,203042.78595412
4551,145430.958910039
4552,148016.151085042
4553,169061.111768049
4554,214672.84610225
4555,160122.697073597
4556,159467.803346588
4557,115580.338744083
4558,205142.966280933
4560,160138.323795809
4561,172736.617763024
4562,144296.60484723
4563,146049.687898097
4564,116604.101104363
4567,185840.826133743
4569,194535.585448123
4570,172822.070431203
4572,132065.304509091
4573,236694.065487152
4574,214895.756288491
4576,150344.364018252
4577,184156.602678743
4578,164693.591453986
4580,197157.368646097
4581,193153.863928661
4582,188422.760574799
4583,154742.514592464
4584,136663.08517096
4585,237904.411038646
4586,120417.386371515
4589,167608.836588999
4591,149280.262703053
4592,163244.132555685
4593,122387.961860614
4594,206827.502728713
4595,134007.31630178
4596,154780.908228628
4597,155383.398461029
4598,150673.422570169
4599,178557.96514817
4600,160224.910287357
4601,89599.4664281758
4602,172736.199341534
4603,194270.063189667
4604,107702.859782247
4605,141299.894518767
4606,120802.168710634
4607,203773.649589083
4608,184051.107129403
4609,127910.207394823
4610,170380.455544068
4611,182562.58206441
4612,199821.474943129
4613,190721.946617109
4614,219154.066742006
4615,206319.525505111
4616,159998.343260366
4617,198335.471717332
4619,201857.940815147
4620,138102.441900747
4621,153410.153559091
4622,204392.688088871
4623,163187.836422719
4624,194801.473698178
4625,149601.510357146
4626,126862.741102486
4627,164537.678973806
4628,136388.354596401
4629,170356.559152645
4630,163595.243594349
4631,194303.361473821
4632,107865.938153394
4633,199099.613662235
4634,199099.960147892
4635,185818.548717965
4636,160668.643539999
4637,166649.985832634
4638,193186.3380727
4639,148682.134152521
4640,154831.831140651
4641,153629.501242541
4643,158315.354626499
4645,101169.972491166
4646,119687.673637648
4647,165329.605700618
4648,223027.5499969
4650,108859.351783561
4651,213992.43784166
4652,147097.42816172
4653,141818.640907341
4654,138544.957142882
4655,180488.725437708
4656,172608.995931759
4659,231997.905902422
4660,158707.345499357
4661,190355.82978622
4662,209623.533007691
4663,143673.029773487
4664,158822.498199242
4666,205736.704981372
4667,155163.036927295
4668,167085.273830969
4670,172055.915913036
4673,163458.241824487
4674,199587.80170043
4675,77311.8715993042
4676,197930.706062678
4677,133866.890561301
4678,231004.526653069
4679,136101.440758753
4683,130882.676260222
4684,193819.75175019
4685,175566.839281893
4686,158822.434343901
4687,205222.394538694
4688,139517.302715645
4689,223477.954311983
4690,209242.096513587
4691,177232.607185841
4693,244715.087791532
4695,165568.061917189
4697,200608.925508783
4699,149866.427198364
4701,201887.241578657
4702,148989.895160571
4703,163950.694601219
4704,154609.735047677
4705,169992.715968515
4706,191988.660979841
4707,112003.847769614
4708,114756.454163619
4709,187413.728611458
4710,164864.298057215
4711,134850.49342045
4712,168839.898310725
4713,144792.405788368
4714,145924.452075829
4715,181321.813839163
4716,173692.730350958
4717,110833.971508295
4718,145357.687746076
4719,125844.944112394
4720,111897.57326481
4721,152962.455160476
4723,173915.644735346
4724,172120.363583231
4725,136442.522770474
4727,183839.382496974
4728,123179.42660292
4730,159499.508682543
4731,152173.265582264
4733,145695.907699811
4734,272875.227011893
4735,152535.032763566
4738,178957.891183257
4739,140623.941649601
4740,173192.659896599
4741,120264.407614774
4742,240121.288336094
4743,149624.315418032
4744,131555.335105652
4745,252493.333461059
4746,171512.643074208
4747,147084.797818096
4749,195702.484900116
4750,132489.748539225
4751,177152.004362811
4752,176830.019572618
4755,192628.896657907
4756,149648.135700915
4757,153047.147930149
4758,174369.052714571
4760,164145.875854669
4761,155178.51492757
4763,152725.755948221
4766,169178.929003103
4767,201250.38512083
4768,198008.779718706
4769,167834.500359038
4770,200415.918285871
4772,177683.120156983
4773,180620.339292082
4774,132256.864279775
4775,144542.407904461
4776,159828.468069562
4777,157258.762596515
4778,115570.250440351
4779,206242.846350094
4780,204798.564836082
4781,192411.95379684
4782,163903.699701716
4783,137489.192261042
4784,197158.756897903
4785,252753.715774148
4787,97902.3761917084
4789,135000.606174358
4790,163644.76139077
4794,225726.764962281
4796,137440.192258917
4797,197242.525495535
4798,122447.796803944
4799,209956.322750357
4800,129931.623672599
4801,139389.865155401
4803,131596.685673135
4804,168136.985114313
4805,139268.936020177
4806,179043.947443363
4808,205533.686658658
4809,145468.816578391
4810,190777.262702303
4811,166760.303956059
4812,159224.783459228
4814,175299.393839465
4815,208966.987683897
4816,148245.378508727
4817,167959.479235514
4818,155329.525230332
4819,203573.729545457
4820,234353.773140398
4822,187263.914506804
4823,217702.838211322
4824,120101.122686099
4826,122715.438844656
4827,185143.939839922
4828,162955.790425522
4831,181402.156335674
4832,131942.929607297
4833,148159.270349808
4834,191007.427167165
4835,162500.246056107
4836,124034.269906154
4837,174144.441661188
4839,153016.737613887
4840,145146.130157897
4841,173846.053203448
4842,245250.151490008
4843,195053.158729432
4844,176248.40208764
4845,135067.537144012
4846,221343.527985444
4847,186816.049339416
4848,187803.572952754
4849,181910.830822503
4850,170248.063052219
4851,183517.126291375
4852,170944.891864887
4853,195323.313086387
4855,178481.082517356
4857,159983.450870412
4858,176943.457834789
4859,154945.354034167
4860,224719.007971076
4861,171562.251368216
4862,141536.816382492
4863,168126.249986256
4864,167943.206853985
4865,187065.442355336
4866,131147.539694397
4867,165584.562768356
4868,188765.781181212
4871,138225.839300824
4872,181110.51465062
4873,178921.385106626
4876,129111.432168829
4877,108709.689684679
4880,161762.815503955
4881,111651.775814944
4883,127495.240358862
4884,157239.930255352
4885,175844.546708946
4886,198289.800861815
4887,196057.465672609
4888,140548.56414006
4889,198171.982035315
4890,198712.056199082
4891,154829.845715933
4892,192325.221470005
4894,181338.565045192
4895,154270.156762778
4897,159607.778221005
4898,161653.419033692
4899,167912.986717351
4900,203987.158169638
4901,180421.685466179
4902,174378.515049211
4903,192355.582664443
4904,172694.386616177
4905,145694.357254427
4906,242322.912291366
4907,187929.783441877
4908,189828.10014806
4909,196871.829895938
4911,167337.600467114
4913,138337.127397378
4914,153316.51792351
4915,165864.185727291
4917,230739.445288785
4918,192361.545792906
4919,208535.977835171
4920,213150.943686098
4922,122007.836659535
4923,226018.509934411
4924,184539.061883521
4925,149278.951300673
4926,114761.746852505
4927,172790.819337078
4929,182570.333083015
4930,222058.6177223
4931,162698.917090765
4932,137507.671066582
4933,146332.378456147
4934,128004.832034502
4935,192093.983735921
4936,266324.532305862
4938,156252.383215852
4939,190751.259033165
4941,135333.599333285
4942,194055.838394345
4943,158301.621805652
4944,134159.823400428
4945,123002.971605341
4946,204523.929172256
4947,254193.634323434
4948,149798.860501406
4949,106442.011281558
4950,236166.678515665
4951,191256.502743721
4952,145209.322025076
4953,210161.618260972
4955,269432.032423429
4956,155797.534753901
4957,149731.891823774
4958,144360.548789761
4959,193076.087071837
4960,165397.286783814
4961,133572.724522823
4962,179344.398008413
4963,180286.074140042
4964,214366.831712032
4965,235593.986847645
4966,193623.462307771
4968,171025.34189694
4969,210481.085242351
4970,204620.094594808
4971,178017.635540325
4972,152052.530312412
4973,133694.134840065
4975,131233.62645637
4976,174425.190541572
4977,110408.684504921
4978,175187.981973575
4980,166111.883758829
4982,197013.807036464
4983,173984.161952086
4984,156733.804674696
4985,190167.163001982
4986,215077.503653801
4987,125724.626807568
4988,93079.3984427688
4990,109355.248348927
4991,156917.231185953
4993,160953.752954541
4994,147266.24935994
4995,199958.891562501
4997,275229.900336598
4999,201423.127653177
5000,172614.125785731
