"Id","quality"
1,5.17466666666667
2,5.23416666666667
3,5.45983333333333
4,5.29
5,5.26083333333333
6,5.13533333333333
7,5.5065
8,5.60716666666667
9,5.64316666666667
10,5.42633333333333
11,5.79683333333333
12,5.41783333333333
13,5.59733333333334
14,5.05433333333333
15,5.03183333333333
16,5.28
17,5.30266666666667
18,5.4715
19,5.376
20,5.49133333333333
21,5.11316666666667
22,4.88866666666667
23,5.81133333333333
24,5.36466666666667
25,5.49816666666667
26,5.10166666666667
27,5.19816666666667
28,5.24916666666667
29,5.23483333333333
30,5.8665
31,5.77516666666667
32,5.6765
33,5.108
34,5.39366666666667
35,5.3905
36,5.57583333333333
37,5.34783333333333
38,5.34783333333333
39,5.29866666666667
40,5.357
41,5.33316666666667
42,5.099
43,5.22333333333333
44,5.7695
45,4.96933333333333
46,4.73283333333333
47,5.1535
48,4.35716666666667
49,5.3455
50,5.11183333333333
51,6.11516666666667
52,6.11516666666667
53,5.41483333333333
54,4.76733333333333
55,5.11
56,5.6735
57,5.11583333333333
58,5.11716666666667
59,6.32666666666667
60,5.25333333333333
61,5.54
62,5.37733333333333
63,5.37733333333333
64,5.2015
65,5.2015
66,5.17083333333333
67,4.80216666666667
68,5.20883333333333
69,5.24033333333333
70,5.55816666666666
71,5.33266666666667
72,5.84416666666667
73,5.90933333333333
74,5.60883333333333
75,5.18516666666667
76,5.01033333333333
77,5.16683333333333
78,5.18033333333333
79,5.1385
80,5.18083333333333
81,5.7615
82,6.32866666666667
83,5.30316666666667
84,5.598
85,5.5305
86,6.34866666666667
87,6.34866666666667
88,5.151
89,6.22083333333333
90,6.44166666666667
91,5.26166666666666
92,5.40133333333333
93,5.40366666666667
94,5.5885
95,5.21566666666667
96,5.09766666666667
97,5.21533333333333
98,5.34416666666667
99,5.45683333333333
100,5.47783333333333
101,5.80666666666667
102,6.04
103,5.95866666666667
104,5.51616666666667
105,5.14016666666667
106,6.57483333333333
107,5.09683333333333
108,5.33083333333333
109,5.5165
110,5.854
111,5.58866666666667
112,5.2765
113,5.55566666666667
114,6.08366666666667
115,5.59833333333333
116,5.602
117,6.72666666666667
118,5.88066666666667
119,6.041
120,5.9855
121,6.094
122,5.90083333333333
123,5.82483333333333
124,5.62516666666667
125,5.192
126,5.942
127,5.35816666666667
128,5.3675
129,5.5825
130,5.121
131,6.002
132,5.7765
133,6.00166666666667
134,6.00166666666667
135,5.12716666666667
136,5.52266666666667
137,6.26366666666667
138,5.5515
139,6.46016666666667
140,6.46016666666667
141,5.5395
142,6.5235
143,5.66483333333333
144,6.16966666666667
145,5.38266666666667
146,6.50566666666667
147,5.41266666666667
148,6.12016666666667
149,6.09033333333333
150,6.569
151,5.95533333333333
152,6.10533333333333
153,6.08616666666667
154,6.57366666666667
155,5.911
156,5.28166666666667
157,6.18
158,6.17833333333333
159,5.9905
160,5.09566666666667
161,5.497
162,6.17833333333333
163,5.24983333333333
164,5.12733333333333
165,5.74
166,6.31133333333333
167,6.56283333333333
168,5.90833333333333
169,6.1145
170,6.49933333333334
171,5.04416666666667
172,6.78183333333333
173,5.34483333333333
174,5.34083333333333
175,6.57566666666667
176,5.052
177,6.46633333333333
178,5.337
179,6.20066666666667
180,6.19666666666667
181,5.23283333333333
182,5.89716666666667
183,6.08183333333333
184,5.75466666666667
185,5.24133333333333
186,5.03766666666667
187,5.86916666666667
188,5.76633333333333
189,6.40883333333333
190,5.201
191,6.819
192,5.6365
193,6.04766666666667
194,5.744
195,6.72116666666667
196,5.17616666666667
197,6.10933333333333
198,6.80816666666667
199,5.989
200,7.30533333333334
201,5.47433333333333
202,5.989
203,6.68033333333333
204,6.65133333333333
205,5.565
206,5.65683333333333
207,5.57
208,6.523
209,6.56866666666667
210,5.5965
211,5.12066666666667
212,5.64616666666667
213,5.824
214,6.50866666666667
215,5.465
216,6.09766666666667
217,5.36733333333333
218,5.17933333333333
219,5.173
220,5.27933333333333
221,5.5075
222,6.02883333333333
223,6.01483333333333
224,6.07733333333333
225,5.66866666666667
226,5.11033333333333
227,5.626
228,6.39516666666667
229,5.66866666666667
230,5.5165
231,5.14783333333333
232,5.55233333333333
233,5.04683333333333
234,5.3155
235,5.08316666666667
236,5.06683333333333
237,5.55783333333333
238,4.92366666666667
239,4.70733333333333
240,5.42833333333333
241,6.7215
242,5.43333333333333
243,5.5085
244,5.15166666666667
245,5.09266666666667
246,5.79283333333333
247,5.90016666666667
248,4.99583333333333
249,5.69066666666667
250,5.12066666666667
251,5.3985
252,5.32666666666667
253,6.0535
254,5.05333333333333
255,5.51433333333333
256,6.31483333333333
257,5.80166666666667
258,4.97766666666667
259,5.71883333333333
260,6.4345
261,5.51416666666667
262,4.92666666666667
263,6.03716666666667
264,4.98
265,5.43166666666667
266,5.31833333333333
267,5.23633333333333
268,5.01733333333333
269,5.53566666666667
270,5.53566666666667
271,6.07433333333333
272,5.53566666666667
273,5.03
274,5.43483333333333
275,5.12533333333333
276,5.0685
277,5.18816666666667
278,5.143
279,4.96966666666667
280,5.71033333333333
281,5.89233333333333
282,4.85
283,6.09966666666667
284,5.27466666666667
285,5.88566666666667
286,5.01066666666667
287,5.086
288,4.99716666666667
289,5.22383333333333
290,5.0945
291,5.2395
292,5.10666666666667
293,5.10666666666667
294,5.063
295,5.54066666666667
296,5.49166666666667
297,5.369
298,5.09133333333333
299,5.65316666666667
300,5.2535
301,5.34366666666667
302,5.67666666666667
303,5.29766666666667
304,5.48583333333333
305,5.55933333333333
306,5.43183333333333
307,6.16133333333333
308,5.79066666666667
309,6.13066666666667
310,5.46566666666667
311,5.13416666666667
312,5.32666666666667
313,6.87133333333333
314,5.54933333333333
315,5.54933333333333
316,6.43766666666667
317,5.28566666666667
318,5.971
319,5.1575
320,5.87883333333333
321,5.1815
322,6.50433333333333
323,5.2965
324,6.442
325,6.0425
326,6.43683333333334
327,6.36
328,5.478
329,5.2015
330,5.2555
331,6.07216666666667
332,5.86116666666667
333,6.57166666666667
334,5.76533333333333
335,5.44066666666667
336,6.4715
337,5.75533333333333
338,5.663
339,6.37033333333333
340,5.19816666666667
341,5.156
342,5.73433333333333
343,6.81283333333333
344,5.09483333333333
345,5.881
346,6.53366666666667
347,6.7915
348,5.078
349,5.769
350,6.39233333333333
351,5.74733333333333
352,6.39233333333333
353,6.40466666666667
354,5.67066666666667
355,5.67066666666667
356,6.50666666666667
357,5.53333333333333
358,6.76083333333333
359,5.25916666666667
360,6.75066666666667
361,6.754
362,6.7365
363,6.7365
364,6.512
365,6.24616666666667
366,5.76766666666667
367,6.17466666666667
368,5.80916666666667
369,6.3795
370,6.24
371,6.3795
372,4.97433333333333
373,5.90316666666667
374,5.97733333333333
375,5.97733333333333
376,6.3225
377,5.19416666666667
378,5.08716666666667
379,5.1455
380,5.1185
381,6.25716666666666
382,6.34983333333333
383,5.49466666666667
384,6.81416666666667
385,5.63916666666667
386,6.46733333333333
387,6.17933333333333
388,6.4845
389,6.037
390,5.0285
391,6.157
392,4.99516666666667
393,6.71033333333333
394,5.32333333333333
395,6.0875
396,5.70183333333333
397,5.9755
398,6.7765
399,5.14883333333333
400,6.86566666666667
401,5.8825
402,6.40483333333333
403,6.83933333333334
404,5.86183333333333
405,6.78233333333333
406,5.51933333333333
407,6.2575
408,5.68016666666667
409,5.88
410,5.23166666666667
411,6.70483333333333
412,5.31633333333333
413,5.73416666666667
414,6.54666666666667
415,6.8075
416,4.897
417,5.87383333333333
418,5.6685
419,5.89816666666667
420,6.63516666666667
421,6.15233333333333
422,6.02883333333333
423,5.22583333333333
424,6.65316666666667
425,6.213
426,5.86483333333333
427,6.08983333333333
428,5.94683333333333
429,5.94433333333333
430,5.53433333333333
431,6.378
432,6.92266666666667
433,5.128
434,5.89216666666667
435,6.05616666666667
436,5.50466666666667
437,5.50466666666667
438,6.49916666666666
439,5.73266666666667
440,6.01516666666667
441,5.21966666666667
442,6.355
443,6.05883333333333
444,5.7355
445,5.91583333333333
446,5.446
447,5.7355
448,4.8495
449,6.51466666666667
450,5.3445
451,5.1665
452,5.6575
453,5.1665
454,5.191
455,6.868
456,5.616
457,5.87066666666667
458,5.39666666666667
459,6.01316666666667
460,5.3785
461,6.39566666666667
462,6.23633333333333
463,6.76233333333333
464,5.1495
465,5.461
466,6.60183333333334
467,5.71366666666667
468,5.61933333333334
469,5.61933333333334
470,6.08383333333333
471,5.46833333333333
472,6.22766666666667
473,5.8275
474,6.18733333333333
475,5.321
476,5.25416666666667
477,5.99316666666667
478,5.5075
479,4.76216666666667
480,5.7905
481,5.7905
482,6.41766666666667
483,5.296
484,6.63866666666667
485,5.17283333333333
486,5.78533333333333
487,5.57583333333333
488,6.4765
489,5.85616666666667
490,5.5435
491,5.15083333333333
492,5.4725
493,5.02533333333333
494,5.15316666666667
495,5.2045
496,5.15316666666667
497,6.09683333333333
498,4.768
499,5.56266666666667
500,5.493
501,5.7605
502,5.493
503,5.789
504,6.241
505,5.63016666666667
506,6.4035
507,5.29383333333333
508,5.29383333333333
509,5.29383333333333
510,5.96783333333333
511,5.6755
512,4.96066666666667
513,5.43933333333333
514,5.3005
515,5.00266666666667
516,5.38516666666667
517,5.1045
518,5.15833333333333
519,5.95983333333333
520,4.76116666666667
521,5.19983333333333
522,5.70166666666667
523,6.05583333333333
524,5.12216666666667
525,5.27983333333333
526,5.007
527,6.406
528,6.59
529,6.08983333333333
530,6.6455
531,5.48516666666667
532,5.14283333333333
533,6.037
534,5.78616666666667
535,5.7535
536,6.23666666666667
537,5.031
538,5.22466666666667
539,5.71633333333333
540,5.9275
541,5.26483333333333
542,6.56216666666667
543,5.2435
544,6.53333333333333
545,5.64
546,5.5795
547,6.4655
548,5.09933333333333
549,6.302
550,5.68833333333333
551,5.2635
552,5.4245
553,5.66583333333333
554,5.252
555,5.21283333333333
556,5.49133333333333
557,6.16216666666667
558,5.57733333333333
559,5.86816666666667
560,6.0405
561,5.00766666666667
562,5.1725
563,5.27483333333333
564,6.3755
565,5.50016666666667
566,5.66466666666666
567,6.0335
568,5.13533333333333
569,5.754
570,5.5265
571,5.44766666666667
572,6.2045
573,5.385
574,5.33516666666667
575,5.54066666666667
576,5.63516666666667
577,6.20983333333333
578,5.98216666666667
579,6.09516666666667
580,6.37716666666667
581,5.0135
582,5.06066666666667
583,5.46316666666667
584,5.46316666666667
585,5.09216666666667
586,5.012
587,5.14333333333333
588,5.14333333333333
589,6.12733333333333
590,5.14333333333333
591,5.78016666666667
592,5.04583333333333
593,5.70016666666667
594,5.70016666666667
595,5.5955
596,5.26016666666667
597,5.95333333333333
598,5.89816666666667
599,5.45033333333333
600,5.1445
601,5.56133333333333
602,5.83483333333333
603,5.19333333333333
604,5.1445
605,5.78633333333333
606,6.1415
607,5.643
608,7.2525
609,6.31633333333333
610,5.471
611,5.91033333333333
612,5.27616666666667
613,6.02833333333333
614,5.247
615,5.61366666666667
616,6.06616666666667
617,5.256
618,5.93533333333333
619,6.16616666666667
620,6.35
621,5.7635
622,5.95166666666667
623,5.77783333333333
624,5.75
625,5.85383333333333
626,5.31816666666667
627,5.13283333333333
628,7.22216666666667
629,6.33666666666667
630,5.768
631,5.26233333333333
632,5.69816666666667
633,5.45283333333333
634,6.543
635,4.877
636,5.31366666666667
637,5.52116666666667
638,5.99866666666667
639,5.61283333333333
640,5.19066666666667
641,6.16666666666667
642,6.19983333333333
643,5.7515
644,5.54166666666667
645,5.82766666666667
646,6.16666666666667
647,6.38683333333333
648,5.21016666666667
649,5.8625
650,5.343
651,5.84066666666667
652,5.343
653,5.62333333333333
654,6.01466666666667
655,6.379
656,5.5185
657,6.333
658,5.5185
659,5.9485
660,5.53633333333333
661,5.9485
662,5.7015
663,6.509
664,5.5575
665,4.9805
666,5.89083333333333
667,6.327
668,5.2225
669,6.80816666666667
670,6.3535
671,5.0905
672,5.1795
673,5.681
674,5.6705
675,6.72133333333333
676,5.55966666666667
677,6.22183333333333
678,5.36533333333333
679,6.645
680,5.30083333333333
681,5.78516666666667
682,5.14966666666667
683,5.37683333333333
684,5.54733333333333
685,5.88066666666667
686,5.37683333333333
687,6.1245
688,6.1245
689,6.46283333333333
690,5.68566666666667
691,6.0215
692,5.87416666666667
693,6.68483333333333
694,5.40283333333333
695,6.44566666666667
696,6.39633333333333
697,5.60883333333333
698,5.7075
699,5.28816666666667
700,5.54233333333333
701,5.104
702,5.49583333333333
703,6.53866666666667
704,5.36816666666667
705,5.24733333333333
706,5.21816666666667
707,5.727
708,6.78883333333333
709,6.78883333333333
710,5.41533333333333
711,5.4365
712,5.9455
713,5.7885
714,5.59866666666667
715,5.73866666666667
716,5.368
717,5.839
718,5.83283333333333
719,5.82266666666667
720,5.46633333333333
721,5.48
722,5.677
723,5.83733333333333
724,6.117
725,6.52216666666667
726,5.289
727,6.11466666666667
728,6.11466666666667
729,5.62533333333333
730,5.03283333333333
731,5.88066666666667
732,5.27833333333333
733,6.69433333333333
734,6.69433333333333
735,5.75616666666667
736,5.75616666666667
737,5.416
738,5.90266666666667
739,5.74633333333333
740,5.5105
741,5.313
742,6.128
743,5.313
744,5.10216666666667
745,5.63716666666667
746,6.84266666666667
747,5.12416666666667
748,5.859
749,5.96183333333333
750,5.982
751,5.90916666666667
752,5.79633333333333
753,6.71
754,5.95466666666667
755,5.95466666666667
756,5.2065
757,5.33516666666667
758,5.841
759,5.39816666666667
760,5.841
761,6.31066666666667
762,5.673
763,5.8625
764,5.373
765,5.18166666666667
766,5.34866666666667
767,6.09133333333333
768,5.74066666666667
769,6.2795
770,6.13
771,6.00533333333333
772,5.16066666666667
773,5.6375
774,5.12183333333333
775,5.99583333333333
776,5.88516666666667
777,5.89966666666667
778,5.13383333333333
779,5.51333333333333
780,5.01883333333333
781,5.06583333333333
782,6.383
783,4.53566666666667
784,5.2595
785,5.69883333333333
786,5.741
787,5.87383333333333
788,5.63166666666667
789,6.03833333333333
790,6.0685
791,5.502
792,6.298
793,5.35533333333333
794,6.89416666666667
795,5.235
796,5.89466666666667
797,6.01966666666667
798,6.07
799,5.1575
800,5.97533333333333
801,5.092
802,6.24866666666667
803,6.295
804,5.38216666666667
805,5.614
806,5.313
807,5.78483333333334
808,5.8985
809,5.4635
810,5.05616666666667
811,6.50716666666667
812,5.36316666666667
813,6.84633333333333
814,6.50716666666667
815,6.79783333333333
816,5.60383333333333
817,5.47516666666667
818,5.61766666666667
819,6.2255
820,5.61766666666667
821,6.0945
822,5.07483333333333
823,5.21566666666667
824,5.05916666666667
825,5.982
826,5.55983333333333
827,5.55983333333333
828,5.51616666666667
829,5.15733333333333
830,5.23933333333333
831,5.07666666666667
832,5.85816666666667
833,5.62383333333333
834,4.95666666666667
835,6.447
836,5.70133333333333
837,5.7965
838,5.28483333333333
839,6.34833333333333
840,5.208
841,6.15833333333333
842,5.53766666666667
843,5.69283333333333
844,5.12816666666667
845,6.82233333333333
846,6.13816666666667
847,5.02983333333333
848,5.244
849,4.84216666666667
850,5.1235
851,5.91866666666667
852,6.689
853,5.24916666666667
854,6.705
855,6.705
856,6.705
857,5.33883333333333
858,5.1665
859,5.3005
860,5.41016666666667
861,5.97983333333333
862,5.33033333333333
863,6.02083333333333
864,5.106
865,6.07866666666667
866,5.46866666666667
867,5.354
868,5.4345
869,6.6885
870,5.3225
871,5.76666666666667
872,6.23816666666667
873,5.48116666666667
874,5.43983333333333
875,5.66116666666667
876,6.01733333333333
877,6.23116666666667
878,5.6195
879,6.12416666666667
880,5.134
881,5.94033333333333
882,5.52366666666667
883,5.78816666666667
884,5.91733333333333
885,6.10833333333333
886,6.132
887,5.277
888,5.45483333333333
889,6.5865
890,5.9985
891,5.47716666666667
892,5.4845
893,5.22866666666667
894,5.17966666666667
895,6.48783333333333
896,6.09616666666667
897,5.649
898,6.50433333333333
899,6.02166666666667
900,5.85833333333333
901,7.29
902,5.85833333333333
903,5.3155
904,5.79116666666667
905,5.90033333333333
906,6.60533333333333
907,5.38833333333333
908,6.60533333333333
909,5.44
910,5.29716666666667
911,5.90633333333333
912,6.09466666666667
913,4.822
914,5.35616666666667
915,5.59533333333333
916,5.14166666666667
917,6.46833333333333
918,5.70233333333333
919,5.02983333333333
920,5.98066666666667
921,5.79483333333333
922,6.557
923,6.22333333333333
924,5.79283333333333
925,5.79283333333333
926,6.81133333333333
927,7.74016666666666
928,6.49833333333333
929,6.44366666666667
930,6.12133333333333
931,7.32983333333333
932,5.71983333333333
933,5.666
934,6.12133333333333
935,5.98483333333333
936,5.33116666666667
937,5.89
938,5.98483333333333
939,5.84233333333333
940,6.06483333333333
941,5.09616666666667
942,5.33383333333333
943,6.02066666666667
944,7.10266666666667
945,5.8545
946,6.49383333333333
947,6.02066666666667
948,4.80483333333333
949,6.07333333333333
950,6.41433333333333
951,5.432
952,6.32933333333333
953,6.2465
954,6.32933333333333
955,5.98116666666667
956,6.07533333333333
957,5.36283333333333
958,5.56266666666667
959,5.23933333333333
960,6.80633333333333
961,5.69183333333333
962,5.45733333333333
963,5.2835
964,5.37966666666666
965,5.01933333333333
966,4.8335
967,5.72283333333333
968,5.75683333333333
969,5.75166666666667
970,5.7325
971,5.22516666666667
972,5.687
973,5.56533333333333
974,5.44983333333333
975,5.73866666666667
976,5.70883333333333
977,5.90866666666667
978,5.67066666666667
979,4.84333333333333
980,5.14716666666667
981,5.9975
982,5.76566666666667
983,6.27683333333333
984,5.961
985,5.961
986,5.66366666666667
987,6.1875
988,6.4945
989,6.7365
990,6.58433333333333
991,5.8505
992,5.2315
993,5.43883333333333
994,5.93933333333333
995,5.5195
996,5.64166666666667
997,6.335
998,5.93933333333333
999,6.0715
1000,6.02983333333333
1001,5.4395
1002,6.0765
1003,6.103
1004,6.27466666666666
1005,6.0645
1006,6.11216666666667
1007,5.03866666666667
1008,6.07016666666667
1009,5.88766666666667
1010,5.41
1011,5.4455
1012,5.50216666666667
1013,7.2075
1014,5.795
1015,4.91666666666667
1016,5.54283333333333
1017,5.74383333333333
1018,5.74383333333333
1019,5.3715
1020,5.354
1021,5.96216666666667
1022,5.93083333333333
1023,5.412
1024,6.19716666666667
1025,5.64866666666667
1026,6.38033333333333
1027,5.93083333333333
1028,5.915
1029,5.69316666666667
1030,6.66116666666667
1031,5.76333333333333
1032,5.893
1033,5.49966666666667
1034,5.878
1035,6.01066666666666
1036,5.6685
1037,6.01066666666666
1038,5.88633333333333
1039,5.6685
1040,6.35216666666667
1041,6.56066666666667
1042,7.15733333333333
1043,5.45816666666667
1044,6.6345
1045,6.05033333333333
1046,5.65533333333333
1047,5.16833333333333
1048,5.61833333333333
1049,6.96
1050,6.53016666666667
1051,5.5645
1052,6.44883333333333
1053,5.40266666666667
1054,5.475
1055,5.5265
1056,6.82433333333333
1057,5.44766666666667
1058,5.71666666666667
1059,5.4205
1060,5.44766666666667
1061,5.658
1062,5.44633333333333
1063,5.44133333333333
1064,5.169
1065,5.41016666666667
1066,5.784
1067,5.96466666666667
1068,5.41016666666667
1069,5.6015
1070,6.0995
1071,5.1185
1072,5.83583333333333
1073,6.21233333333333
1074,5.56783333333333
1075,6.47933333333333
1076,5.80316666666667
1077,5.61416666666666
1078,5.79983333333333
1079,5.12683333333333
1080,6.47933333333333
1081,5.37433333333333
1082,6.37933333333333
1083,5.63766666666667
1084,5.98633333333333
1085,5.59616666666667
1086,5.6695
1087,4.616
1088,6.17083333333333
1089,5.41066666666667
1090,5.6695
1091,5.22733333333333
1092,6.72333333333333
1093,6.80633333333333
1094,6.2125
1095,5.94583333333333
1096,6.37083333333333
1097,5.5
1098,6.777
1099,6.99983333333333
1100,5.93166666666667
1101,5.51716666666667
1102,5.574
1103,5.38266666666667
1104,5.77233333333334
1105,6.4585
1106,5.34683333333333
1107,6.4585
1108,5.991
1109,5.50716666666667
1110,5.47466666666667
1111,5.76866666666667
1112,6.34816666666667
1113,7.215
1114,6.11083333333333
1115,6.20516666666667
1116,6.29533333333333
1117,5.58766666666667
1118,5.39133333333333
1119,5.39133333333333
1120,5.99666666666667
1121,6.18283333333333
1122,6.16
1123,5.67816666666667
1124,5.857
1125,5.131
1126,5.68416666666667
1127,5.41516666666667
1128,5.51816666666667
1129,5.43416666666667
1130,6.05566666666667
1131,6.124
1132,5.27833333333333
1133,5.45016666666667
1134,5.914
1135,5.80183333333333
1136,6.47366666666667
1137,6.14716666666667
1138,5.3145
1139,5.994
1140,5.98466666666667
1141,6.82566666666666
1142,5.82416666666667
1143,7.05733333333334
1144,5.40366666666667
1145,5.91683333333333
1146,5.94583333333333
1147,6.84433333333333
1148,5.40366666666667
1149,5.94383333333333
1150,5.91766666666667
1151,6.19666666666667
1152,6.28266666666667
1153,5.43033333333333
1154,5.1335
1155,6.443
1156,5.395
1157,6.6235
1158,5.5725
1159,5.244
1160,6.8635
1161,5.86433333333333
1162,6.13116666666667
1163,5.61916666666667
1164,6.1165
1165,6.59516666666667
1166,6.59516666666667
1167,6.59516666666667
1168,6.48333333333333
1169,6.02133333333333
1170,6.4695
1171,5.95866666666667
1172,5.92366666666667
1173,5.83133333333333
1174,5.6075
1175,5.83483333333333
1176,6.21833333333333
1177,5.54116666666667
1178,5.9905
1179,5.32633333333333
1180,5.729
1181,5.47783333333333
1182,5.45016666666667
1183,6.583
1184,6.36333333333333
1185,6.12933333333333
1186,6.01533333333333
1187,5.97783333333333
1188,6.36333333333333
1189,6.67083333333334
1190,5.80266666666667
1191,6.124
1192,6.004
1193,5.22983333333333
1194,6.2685
1195,6.5595
1196,5.53483333333333
1197,5.89966666666667
1198,4.93066666666667
1199,5.7395
1200,4.63416666666667
1201,5.964
1202,4.811
1203,6.15283333333333
1204,6.52066666666667
1205,6.36983333333333
1206,5.63716666666667
1207,5.848
1208,5.8035
1209,6.33716666666667
1210,6.22466666666667
1211,6.53966666666667
1212,6.172
1213,5.43333333333333
1214,5.67716666666667
1215,5.81333333333333
1216,5.44633333333333
1217,5.16833333333333
1218,5.44633333333333
1219,6.08983333333333
1220,5.247
1221,6.21383333333333
1222,6.05266666666667
1223,5.7355
1224,5.66916666666667
1225,6.07516666666667
1226,6.61816666666667
1227,6.1115
1228,5.90033333333333
1229,6.07516666666667
1230,5.108
1231,4.99516666666667
1232,6.33666666666667
1233,5.593
1234,5.85116666666667
1235,5.56133333333333
1236,5.3565
1237,5.35466666666667
1238,5.3725
1239,5.03783333333333
1240,5.22516666666667
1241,5.3725
1242,6.09516666666667
1243,5.30783333333333
1244,6.85116666666667
1245,5.30783333333333
1246,5.73583333333333
1247,6.368
1248,5.90783333333333
1249,6.368
1250,5.8895
1251,6.13466666666667
1252,5.2845
1253,6.64883333333333
1254,5.012
1255,5.71416666666667
1256,5.71416666666667
1257,6.621
1258,5.93933333333333
1259,5.589
1260,5.22466666666667
1261,5.96583333333333
1262,6.27783333333333
1263,5.60233333333333
1264,5.9565
1265,5.82916666666667
1266,5.99116666666667
1267,5.83466666666667
1268,5.446
1269,6.0475
1270,5.61433333333333
1271,6.45783333333333
1272,5.3535
1273,5.7755
1274,6.45783333333333
1275,5.7365
1276,5.53383333333333
1277,6.69816666666667
1278,6.456
1279,5.42766666666667
1280,6.69816666666667
1281,6.08616666666667
1282,5.644
1283,6.549
1284,6.38533333333333
1285,6.07216666666666
1286,5.4885
1287,5.7385
1288,5.375
1289,6.44533333333333
1290,5.6015
1291,5.8225
1292,6.62833333333333
1293,6.3985
1294,5.6275
1295,5.375
1296,6.11233333333333
1297,6.73866666666667
1298,5.3045
1299,5.94583333333333
1300,5.20433333333333
1301,5.552
1302,5.47183333333333
1303,5.633
1304,6.0055
1305,6.212
1306,5.833
1307,5.606
1308,6.3285
1309,6.124
1310,5.21116666666667
1311,5.20633333333333
1312,5.25233333333333
1313,5.50683333333333
1314,6.00083333333333
1315,6.17316666666667
1316,6.01583333333333
1317,7.22416666666667
1318,6.1835
1319,6.52016666666667
1320,6.6865
1321,5.6825
1322,5.26216666666667
1323,5.187
1324,5.395
1325,6.01933333333333
1326,6.49816666666667
1327,6.49816666666667
1328,6.83016666666667
1329,6.135
1330,6.79433333333334
1331,6.33
1332,5.94166666666667
1333,5.28433333333333
1334,6.84183333333333
1335,5.97566666666667
1336,5.238
1337,5.80466666666667
1338,5.767
1339,6.08766666666667
1340,5.31433333333333
1341,5.05116666666667
1342,6.02916666666667
1343,4.55316666666667
1344,5.08016666666667
1345,6.07666666666667
1346,5.42
1347,6.50966666666667
1348,5.75166666666667
1349,5.94716666666667
1350,5.94683333333333
1351,5.04433333333333
1352,4.80566666666667
1353,5.70816666666667
1354,5.31616666666667
1355,5.23466666666667
1356,5.48333333333333
1357,6.60833333333334
1358,5.88
1359,5.85016666666667
1360,5.70033333333333
1361,5.8695
1362,5.82183333333333
1363,5.42166666666667
1364,5.98533333333333
1365,6.1255
1366,5.69
1367,6.7185
1368,6.84666666666667
1369,5.42166666666667
1370,5.844
1371,5.82116666666667
1372,5.46383333333333
1373,5.16433333333333
1374,5.72866666666667
1375,5.94566666666667
1376,5.29066666666667
1377,5.86716666666667
1378,5.06333333333334
1379,5.15366666666667
1380,6.04483333333333
1381,5.96166666666667
1382,5.1655
1383,5.64483333333333
1384,5.21416666666667
1385,6.04616666666667
1386,4.58666666666667
1387,6.66616666666667
1388,5.97983333333333
1389,5.2745
1390,5.709
1391,5.30133333333333
1392,5.55516666666667
1393,5.53316666666667
1394,6.46216666666667
1395,6.46216666666667
1396,5.23816666666667
1397,5.67866666666667
1398,5.28
1399,7.9585
1400,5.95316666666666
1401,4.60116666666667
1402,5.82283333333333
1403,5.85783333333334
1404,6.10116666666667
1405,5.85783333333334
1406,6.10116666666667
1407,6.40633333333333
1408,5.2875
1409,5.73366666666667
1410,6.12566666666667
1411,6.42033333333333
1412,5.29633333333333
1413,5.79316666666667
1414,5.77166666666667
1415,5.78583333333333
1416,5.44816666666667
1417,5.5315
1418,5.08233333333333
1419,5.788
1420,6.01583333333333
1421,6.049
1422,6.01583333333333
1423,5.76583333333333
1424,5.1105
1425,5.76583333333333
1426,5.86766666666667
1427,5.71733333333333
1428,5.26
1429,5.4875
1430,5.72616666666667
1431,6.18333333333333
1432,5.2615
1433,5.114
1434,6.14516666666667
1435,5.80733333333333
1436,6.01616666666667
1437,5.7935
1438,5.36266666666667
1439,4.59
1440,5.27683333333333
1441,5.9585
1442,6.118
1443,5.5075
1444,6.118
1445,4.59
1446,5.79383333333333
1447,6.33816666666667
1448,5.89533333333333
1449,5.48416666666667
1450,6.93533333333333
1451,5.76883333333333
1452,6.32916666666667
1453,5.74483333333333
1454,5.70683333333333
1455,5.70683333333333
1456,6.476
1457,5.55066666666667
1458,5.2435
1459,6.6385
1460,5.70683333333333
1461,5.653
1462,5.75116666666667
1463,6.22966666666667
1464,6.79933333333333
1465,6.841
1466,6.841
1467,6.841
1468,4.91616666666667
1469,5.39416666666667
1470,6.8355
1471,5.1895
1472,5.39416666666667
1473,5.887
1474,5.96516666666666
1475,6.06966666666666
1476,4.906
1477,6.7705
1478,5.6475
1479,4.906
1480,6.082
1481,5.55616666666667
1482,5.18333333333333
1483,5.61233333333333
1484,5.40983333333333
1485,5.61666666666667
1486,5.864
1487,6.159
1488,6.01933333333333
1489,5.36933333333333
1490,5.787
1491,5.20866666666667
1492,5.24683333333333
1493,5.49016666666667
1494,6.04316666666667
1495,5.21583333333333
1496,5.08666666666667
1497,5.5145
1498,5.93233333333333
1499,6.08666666666667
1500,5.24766666666667
1501,6.16216666666667
1502,5.3745
1503,5.05166666666667
1504,5.05166666666667
1505,5.9155
1506,5.66316666666667
1507,5.88516666666667
1508,5.6805
1509,6.445
1510,5.33366666666667
1511,5.42666666666667
1512,5.93316666666667
1513,5.02416666666667
1514,5.02416666666667
1515,5.8385
1516,5.259
1517,6.51933333333333
1518,6.79916666666667
1519,5.84433333333333
1520,6.73
1521,5.40266666666666
1522,5.476
1523,6.5945
1524,5.40266666666666
1525,6.28733333333333
1526,5.02516666666667
1527,5.21583333333333
1528,5.3065
1529,5.61083333333333
1530,5.61083333333333
1531,5.32533333333333
1532,6.89816666666667
1533,5.8525
1534,5.778
1535,5.8365
1536,5.52766666666667
1537,5.778
1538,6.30183333333333
1539,5.2685
1540,5.00716666666667
1541,6.258
1542,6.14016666666667
1543,5.47966666666667
1544,5.774
1545,6.24333333333333
1546,5.3275
1547,6.91916666666667
1548,5.7815
1549,6.21333333333333
1550,6.0055
1551,4.89383333333333
1552,6.37366666666667
1553,5.66516666666667
1554,5.59966666666667
1555,5.88
1556,5.201
1557,5.96483333333333
1558,5.31016666666667
1559,5.45066666666667
1560,5.0975
1561,5.5665
1562,6.0815
1563,5.5405
1564,5.88583333333333
1565,5.99433333333333
1566,5.20083333333333
1567,5.2685
1568,5.8285
1569,5.2685
1570,5.85233333333333
1571,5.50733333333333
1572,5.51683333333333
1573,5.45466666666667
1574,5.298
1575,6.444
1576,5.9335
1577,5.42366666666667
1578,5.42366666666667
1579,5.13583333333333
1580,5.8365
1581,5.73816666666667
1582,5.78933333333333
1583,5.426
1584,5.4095
1585,4.94866666666667
1586,6.6225
1587,5.57616666666667
1588,6.101
1589,5.61483333333333
1590,5.33883333333333
1591,5.54433333333333
1592,5.43383333333333
1593,5.108
1594,5.54166666666667
1595,5.42166666666667
1596,5.51566666666667
1597,5.45633333333333
1598,5.34233333333333
1599,6.40466666666667
1600,6.12366666666667
1601,6.6275
1602,5.9415
1603,5.774
1604,5.83116666666667
1605,6.01066666666667
1606,5.947
1607,4.99833333333333
1608,6.94466666666667
1609,5.429
1610,5.9705
1611,5.429
1612,5.53383333333333
1613,5.98416666666667
1614,6.0445
1615,5.4575
1616,5.72933333333333
1617,5.549
1618,6.87033333333333
1619,6.87033333333333
1620,6.87033333333333
1621,6.87033333333333
1622,6.29116666666667
1623,6.40933333333333
1624,5.21533333333333
1625,5.836
1626,6.40933333333333
1627,6.904
1628,5.6275
1629,5.61366666666667
1630,6.484
1631,6.8515
1632,6.28933333333333
1633,6.484
1634,6.10266666666667
1635,5.83216666666667
1636,6.27033333333333
1637,5.33083333333333
1638,6.24283333333333
1639,6.096
1640,5.87966666666667
1641,5.34833333333333
1642,5.3575
1643,5.73966666666667
1644,5.012
1645,6.01866666666667
1646,6.19683333333333
1647,6.05516666666667
1648,6.96483333333333
1649,5.67366666666667
1650,5.7835
1651,6.4775
1652,6.13083333333333
1653,5.7835
1654,6.08866666666667
1655,5.74666666666667
1656,5.78433333333333
1657,6.14483333333333
1658,5.06666666666667
1659,5.17866666666667
1660,6.04266666666667
1661,5.723
1662,6.79983333333333
1663,5.30666666666667
1664,6.33183333333333
1665,5.74283333333333
1666,5.9045
1667,5.502
1668,6.18633333333333
1669,5.29733333333333
1670,5.75583333333333
1671,5.9045
1672,6.06816666666667
1673,6.36933333333333
1674,5.947
1675,7.39016666666667
1676,6.231
1677,4.95283333333333
1678,5.48733333333333
1679,5.75066666666667
1680,5.82733333333333
1681,5.89616666666667
1682,5.4355
1683,5.99083333333333
1684,6.27583333333333
1685,5.4355
1686,5.03616666666667
1687,6.90466666666667
1688,6.08783333333333
1689,5.934
1690,5.54233333333333
1691,5.54233333333333
1692,5.16616666666667
1693,5.4585
1694,5.14333333333333
1695,5.14333333333333
1696,5.12566666666667
1697,5.4585
1698,5.45933333333333
1699,6.33966666666667
1700,5.781
1701,5.77416666666667
1702,6.03266666666667
1703,6.568
1704,5.85983333333333
1705,6.70233333333333
1706,5.737
1707,5.925
1708,6.8285
1709,5.7435
1710,6.2975
1711,6.16766666666667
1712,6.48316666666667
1713,6.57133333333333
1714,6.05616666666667
1715,6.39366666666667
1716,5.34266666666667
1717,5.18266666666667
1718,5.886
1719,6.0275
1720,6.05233333333333
1721,5.948
1722,6.13866666666667
1723,6.317
1724,6.317
1725,6.59516666666667
1726,6.82716666666667
1727,6.07633333333333
1728,6.64766666666667
1729,6.34033333333333
1730,6.587
1731,5.91333333333333
1732,5.548
1733,6.4095
1734,5.67016666666667
1735,6.24983333333333
1736,6.64416666666667
1737,5.20033333333333
1738,6.18
1739,6.09016666666667
1740,5.58783333333333
1741,6.64416666666667
1742,5.981
1743,6.65666666666667
1744,6.61933333333333
1745,5.84733333333333
1746,6.17916666666667
1747,6.14333333333333
1748,6.02066666666667
1749,5.43116666666667
1750,6.02066666666667
1751,5.74533333333333
1752,6.14333333333333
1753,5.08983333333333
1754,7.24083333333333
1755,7.24083333333333
1756,5.73816666666667
1757,6.32583333333333
1758,4.9195
1759,4.9195
1760,5.91416666666667
1761,5.333
1762,6.679
1763,6.30333333333333
1764,5.4085
1765,6.96466666666667
1766,5.0475
1767,5.8435
1768,5.95916666666667
1769,6.0025
1770,6.24166666666667
1771,7.122
1772,6.86516666666667
1773,6.999
1774,7.04883333333333
1775,6.984
1776,6.34816666666667
1777,6.10583333333333
1778,6.04466666666667
1779,6.72216666666667
1780,6.14066666666667
1781,5.99266666666667
1782,6.2045
1783,6.51066666666667
1784,6.19033333333333
1785,5.32683333333333
1786,6.11633333333333
1787,6.19033333333333
1788,5.24416666666667
1789,5.32683333333333
1790,5.95783333333333
1791,5.652
1792,5.5215
1793,5.916
1794,5.661
1795,5.95016666666667
1796,7.2965
1797,6.02033333333333
1798,5.835
1799,5.06766666666667
1800,5.56716666666667
1801,6.33183333333333
1802,6.897
1803,5.53383333333333
1804,5.37333333333333
1805,5.37333333333333
1806,5.36916666666667
1807,5.4755
1808,6.62216666666667
1809,6.27283333333333
1810,6.7365
1811,5.91033333333334
1812,5.5
1813,5.873
1814,6.55716666666667
1815,5.6335
1816,6.37133333333333
1817,6.42966666666667
1818,6.521
1819,6.358
1820,6.31933333333333
1821,6.765
1822,5.9855
1823,6.05516666666667
1824,6.045
1825,5.58333333333333
1826,6.39016666666667
1827,6.27316666666667
1828,6.8195
1829,5.73233333333333
1830,5.85683333333333
1831,6.51116666666667
1832,6.35916666666667
1833,5.42983333333333
1834,6.898
1835,5.3525
1836,6.41116666666667
1837,5.86783333333333
1838,5.922
1839,6.26683333333333
1840,5.86783333333333
1841,6.94083333333333
1842,6.11733333333333
1843,6.10933333333333
1844,5.47883333333333
1845,6.94083333333333
1846,7.08566666666667
1847,6.3
1848,6.37466666666667
1849,6.91883333333333
1850,5.82533333333333
1851,6.79783333333333
1852,6.18033333333333
1853,6.27666666666667
1854,6.14766666666667
1855,6.10133333333333
1856,5.4035
1857,6.11533333333333
1858,6.28816666666667
1859,6.28816666666667
1860,6.36116666666667
1861,6.28816666666667
1862,5.68533333333333
1863,6.1695
1864,5.98216666666667
1865,6.30083333333333
1866,6.1755
1867,5.08783333333333
1868,6.18933333333333
1869,5.942
1870,6.51533333333333
1871,7.04733333333333
1872,6.68166666666667
1873,5.23033333333333
1874,6.83366666666667
1875,6.37516666666667
1876,6.44966666666667
1877,6.19833333333333
1878,6.10766666666667
1879,6.10766666666667
1880,6.10766666666667
1881,6.56333333333334
1882,6.17233333333333
1883,6.98083333333333
1884,5.60766666666667
1885,5.42233333333333
1886,5.31133333333333
1887,6.055
1888,6.3925
1889,6.262
1890,5.04783333333333
1891,6.1135
1892,6.63033333333333
1893,6.79783333333333
1894,7.04
1895,6.85466666666667
1896,5.88733333333333
1897,5.80266666666667
1898,6.65
1899,6.69283333333333
1900,6.21066666666667
1901,5.837
1902,6.6235
1903,6.07766666666667
1904,5.89916666666667
1905,5.782
1906,6.06066666666667
1907,6.06066666666667
1908,5.64083333333333
1909,5.613
1910,6.324
1911,6.14333333333333
1912,5.96766666666667
1913,5.98783333333333
1914,6.24483333333333
1915,6.67383333333333
1916,6.309
1917,6.64816666666667
1918,6.05866666666667
1919,6.67383333333333
1920,6.55766666666667
1921,6.09416666666667
1922,6.88716666666667
1923,5.53866666666667
1924,5.89333333333333
1925,6.05183333333333
1926,5.126
1927,7.3895
1928,5.51533333333333
1929,6.11983333333334
1930,6.14966666666667
1931,5.92533333333333
1932,6.11983333333334
1933,5.51533333333333
1934,5.7095
1935,5.8595
1936,5.83416666666666
1937,5.8205
1938,6.00033333333333
1939,5.16866666666667
1940,5.878
1941,6.678
1942,6.63116666666667
1943,6.15266666666667
1944,5.65316666666667
1945,6.28933333333333
1946,5.444
1947,7.33383333333333
1948,6.15266666666667
1949,7.62933333333333
1950,5.42583333333333
1951,7.331
1952,5.71583333333333
1953,6.88766666666667
1954,5.84233333333333
1955,5.79183333333333
1956,5.42583333333333
1957,5.77633333333333
1958,6.869
1959,6.45666666666667
1960,6.601
1961,6.58483333333333
1962,5.739
1963,5.22533333333333
1964,6.60116666666667
1965,5.98366666666667
1966,6.10033333333333
1967,6.08566666666667
1968,6.25466666666667
1969,6.978
1970,5.16666666666667
1971,5.70916666666667
1972,6.772
1973,5.53066666666667
1974,5.13516666666667
1975,5.53066666666667
1976,5.81633333333333
1977,6.10316666666667
1978,5.3935
1979,6.212
1980,6.17833333333333
1981,6.12116666666667
1982,4.95166666666667
1983,5.761
1984,5.64266666666667
1985,5.84033333333333
1986,6.33166666666667
1987,5.01116666666667
1988,6.45633333333333
1989,6.48333333333333
1990,5.6445
1991,6.1625
1992,6.412
1993,6.6525
1994,5.68933333333333
1995,6.11966666666667
1996,7.16483333333333
1997,5.10883333333333
1998,6.0465
1999,6.14833333333334
2000,6.14833333333334
2001,6.14833333333334
2002,5.188
2003,6.49166666666667
2004,6.36533333333333
2005,5.90733333333333
2006,6.34766666666667
2007,5.38733333333333
2008,5.2805
2009,5.91033333333333
2010,5.91033333333333
2011,5.848
2012,6.2425
2013,6.69716666666667
2014,5.73583333333333
2015,5.51333333333333
2016,6.205
2017,6.091
2018,6.706
2019,6.86216666666667
2020,5.09866666666667
2021,5.60266666666667
2022,6.78633333333333
2023,6.4475
2024,5.55666666666667
2025,7.0895
2026,6.4925
2027,6.45033333333333
2028,7.36216666666667
2029,6.3475
2030,6.318
2031,6.646
2032,5.55666666666667
2033,6.57866666666667
2034,6.2515
2035,5.11933333333333
2036,5.25683333333333
2037,5.9755
2038,5.9755
2039,6.24433333333333
2040,5.55
2041,5.44833333333333
2042,6.58266666666667
2043,6.4015
2044,6.3355
2045,5.94383333333333
2046,6.56766666666666
2047,6.56766666666666
2048,6.56766666666666
2049,6.56766666666666
2050,6.56766666666666
2051,6.56766666666666
2052,6.505
2053,5.591
2054,5.51466666666667
2055,5.47283333333333
2056,6.91416666666667
2057,5.47283333333333
2058,6.32183333333333
2059,5.04133333333333
2060,6.162
2061,7.05733333333333
2062,6.42483333333333
2063,5.81416666666667
2064,6.34616666666667
2065,5.375
2066,5.653
2067,5.84983333333333
2068,5.216
2069,5.70533333333333
2070,5.70533333333333
2071,5.52483333333333
2072,5.5825
2073,5.98583333333333
2074,6.0255
2075,5.89816666666667
2076,5.48566666666667
2077,5.52316666666667
2078,6.06016666666667
2079,5.93683333333333
2080,6.12616666666667
2081,6.196
2082,5.91683333333333
2083,6.20533333333333
2084,6.38483333333333
2085,6.59216666666667
2086,4.95566666666667
2087,6.29816666666667
2088,6.11633333333333
2089,5.58666666666667
2090,5.46366666666667
2091,6.08466666666667
2092,5.87366666666667
2093,6.29033333333333
2094,5.52083333333333
2095,5.8475
2096,5.76883333333333
2097,5.29666666666667
2098,5.95116666666667
2099,5.72433333333333
2100,5.94516666666667
2101,5.80816666666667
2102,6.239
2103,6.09266666666667
2104,6.06116666666667
2105,5.80816666666667
2106,5.2055
2107,6.34616666666667
2108,6.20666666666667
2109,5.86983333333333
2110,5.2055
2111,5.03516666666667
2112,5.89233333333333
2113,6.99866666666667
2114,6.62733333333333
2115,5.80583333333333
2116,6.8255
2117,6.64883333333333
2118,5.12416666666667
2119,6.4875
2120,5.2635
2121,6.36116666666667
2122,6.69666666666667
2123,5.53883333333333
2124,5.87333333333333
2125,6.149
2126,5.31816666666667
2127,5.25266666666667
2128,5.67416666666667
2129,6.149
2130,6.7085
2131,6.28116666666667
2132,5.14383333333333
2133,5.78066666666667
2134,5.76566666666667
2135,5.666
2136,6.0195
2137,4.76166666666667
2138,7.0715
2139,5.966
2140,6.9065
2141,5.8715
2142,7.0715
2143,5.75683333333333
2144,5.75683333333333
2145,6.08183333333333
2146,6.86233333333333
2147,5.63183333333333
2148,6.94816666666667
2149,5.93866666666667
2150,5.88883333333333
2151,6.12616666666667
2152,6.775
2153,5.856
2154,6.41333333333333
2155,5.93866666666667
2156,5.44966666666667
2157,5.4105
2158,5.9575
2159,5.4105
2160,6.48083333333333
2161,5.51416666666667
2162,6.36616666666667
2163,5.236
2164,6.13983333333333
2165,5.92483333333333
2166,5.25716666666667
2167,5.236
2168,5.30866666666667
2169,6.92833333333333
2170,6.61416666666667
2171,6.18433333333333
2172,6.92833333333333
2173,6.61416666666667
2174,6.1575
2175,6.11833333333333
2176,6.18433333333333
2177,5.35516666666667
2178,5.35516666666667
2179,6.51916666666667
2180,5.81716666666667
2181,6.0145
2182,6.086
2183,5.8915
2184,5.88916666666667
2185,5.8895
2186,5.676
2187,5.33883333333333
2188,5.729
2189,5.4165
2190,6.25233333333333
2191,6.25933333333333
2192,6.01516666666667
2193,6.64516666666667
2194,6.23566666666667
2195,6.22416666666667
2196,5.19466666666667
2197,5.19466666666667
2198,5.61216666666667
2199,5.452
2200,5.7085
2201,5.388
2202,5.388
2203,6.2685
2204,6.80866666666667
2205,6.0715
2206,5.388
2207,5.95033333333333
2208,5.98933333333333
2209,6.338
2210,4.88633333333333
2211,5.18383333333333
2212,5.388
2213,7.001
2214,7.001
2215,7.001
2216,6.337
2217,5.42416666666667
2218,5.94216666666667
2219,6.33516666666667
2220,5.41916666666667
2221,6.9075
2222,6.039
2223,5.86116666666667
2224,5.34333333333333
2225,5.98683333333333
2226,6.025
2227,5.298
2228,6.54683333333333
2229,6.26233333333333
2230,5.53
2231,4.93
2232,5.14516666666667
2233,5.14516666666667
2234,5.14516666666667
2235,6.73833333333333
2236,5.7445
2237,5.95
2238,5.4585
2239,5.14183333333333
2240,5.861
2241,6.43383333333333
2242,6.51716666666667
2243,6.26366666666667
2244,6.502
2245,5.51066666666667
2246,5.70316666666667
2247,5.8915
2248,5.60033333333333
2249,5.836
2250,6.47
2251,6.466
2252,6.365
2253,6.53816666666667
2254,6.90533333333333
2255,5.23933333333333
2256,5.2595
2257,5.96666666666667
2258,5.74716666666667
2259,5.96666666666667
2260,5.64133333333333
2261,5.64133333333333
2262,6.0025
2263,5.42983333333333
2264,5.64133333333333
2265,6.29816666666667
2266,5.29983333333333
2267,5.88533333333333
2268,5.29983333333333
2269,5.42583333333333
2270,5.41783333333333
2271,6.79883333333333
2272,5.9265
2273,6.35516666666667
2274,6.79883333333333
2275,6.084
2276,5.511
2277,6.02066666666667
2278,5.3505
2279,5.204
2280,5.38816666666667
2281,5.204
2282,5.3505
2283,7.99416666666667
2284,7.99416666666667
2285,7.99416666666667
2286,6.177
2287,6.311
2288,5.34783333333333
2289,6.25333333333333
2290,6.76483333333333
2291,6.76483333333333
2292,6.304
2293,5.38116666666667
2294,5.1945
2295,6.646
2296,6.154
2297,5.17733333333333
2298,5.70366666666667
2299,6.16883333333333
2300,5.30666666666667
2301,6.06166666666667
2302,5.1625
2303,5.087
2304,6.27066666666667
2305,5.98883333333333
2306,5.53966666666667
2307,5.88183333333333
2308,5.74366666666667
2309,5.3855
2310,5.3855
2311,5.3855
2312,6.4915
2313,5.11366666666667
2314,6.79533333333333
2315,6.79533333333333
2316,5.0325
2317,5.96566666666667
2318,5.935
2319,5.935
2320,5.935
2321,5.96566666666667
2322,5.96566666666667
2323,5.7185
2324,6.62166666666667
2325,5.97716666666667
2326,5.35583333333333
2327,5.96466666666667
2328,6.17833333333333
2329,5.47783333333333
2330,5.059
2331,6.265
2332,6.265
2333,6.51816666666667
2334,5.75016666666667
2335,6.1355
2336,5.4315
2337,5.48033333333333
2338,6.01466666666667
2339,5.66016666666667
2340,5.66016666666667
2341,5.80716666666667
2342,6.36766666666667
2343,5.19533333333333
2344,6.3425
2345,4.97166666666667
2346,6.35283333333333
2347,5.73416666666667
2348,6.09016666666666
2349,6.09016666666666
2350,5.37916666666667
2351,5.341
2352,6.728
2353,6.34533333333333
2354,5.2265
2355,6.96083333333334
2356,6.209
2357,6.3305
2358,5.96733333333333
2359,5.40933333333333
2360,5.35833333333333
2361,5.9875
2362,6.16466666666667
2363,5.71566666666667
2364,5.58916666666667
2365,6.35816666666667
2366,5.152
2367,6.283
2368,5.66466666666667
2369,5.736
2370,5.736
2371,5.736
2372,6.01083333333333
2373,6.466
2374,6.50716666666666
2375,5.42666666666667
2376,5.781
2377,5.68766666666667
2378,6.67016666666667
2379,5.49083333333333
2380,6.00866666666667
2381,6.283
2382,5.5505
2383,5.5135
2384,5.87083333333333
2385,6.13916666666667
2386,6.183
2387,6.20033333333333
2388,5.976
2389,5.6095
2390,6.18866666666667
2391,6.35533333333333
2392,5.95766666666667
2393,6.11983333333333
2394,5.43083333333333
2395,5.57883333333333
2396,6.73033333333333
2397,6.89116666666667
2398,6.37866666666667
2399,5.3365
2400,6.1755
2401,6.072
2402,5.89766666666667
2403,5.7815
2404,5.356
2405,6.10116666666667
2406,6.42233333333333
2407,6.61333333333333
2408,6.85583333333333
2409,6.2035
2410,5.14333333333333
2411,6.5725
2412,6.535
2413,6.07566666666667
2414,6.087
2415,5.76033333333333
2416,6.80166666666667
2417,6.16233333333333
2418,6.80166666666667
2419,6.1755
2420,6.90483333333333
2421,5.15283333333333
2422,5.8215
2423,4.68616666666667
2424,5.9775
2425,5.9775
2426,6.9
2427,5.8175
2428,5.6445
2429,6.5655
2430,5.81033333333333
2431,6.09683333333333
2432,6.6355
2433,6.07883333333333
2434,5.42916666666667
2435,5.75916666666667
2436,6.05416666666667
2437,5.97283333333333
2438,6.8405
2439,5.85783333333333
2440,6.191
2441,6.15883333333333
2442,5.86533333333334
2443,5.21116666666667
2444,6.32933333333333
2445,6.00366666666667
2446,5.758
2447,5.55483333333333
2448,6.1605
2449,5.39333333333333
2450,5.38483333333333
2451,6.497
2452,6.93466666666667
2453,5.9765
2454,6.54283333333333
2455,6.23483333333333
2456,6.49466666666667
2457,5.69816666666667
2458,5.89916666666667
2459,6.20016666666667
2460,6.292
2461,6.74233333333333
2462,6.58833333333333
2463,6.24016666666667
2464,5.99983333333333
2465,5.20533333333333
2466,5.591
2467,6.42333333333333
2468,6.14666666666666
2469,6.46066666666667
2470,5.98416666666667
2471,6.58116666666667
2472,5.52166666666667
2473,6.3025
2474,6.53216666666667
2475,6.87183333333333
2476,6.41216666666667
2477,5.3665
2478,6.8755
2479,6.1285
2480,5.12433333333333
2481,5.9805
2482,6.019
2483,5.2445
2484,6.10516666666667
2485,5.18183333333333
2486,6.945
2487,5.27483333333333
2488,5.31216666666667
2489,6.3875
2490,5.73233333333333
2491,5.72616666666667
2492,5.89216666666667
2493,6.4785
2494,5.96833333333333
2495,6.28433333333333
2496,5.42966666666667
2497,6.06
