"alcohol","pH","total.sulfur.dioxide","density","free.sulfur.dioxide","citric.acid","volatile.acidity","sulphates","chlorides","residual.sugar","fixed.acidity","quality"
10.6,3.31,56,0.9984,24,0.27,0.775,0.67,0.078,2.8,9.3,6
10.3,3.37,57,0.9969,14,0.03,0.645,0.46,0.086,1.9,7.6,5
9,3.16,24,1,11,0.61,0.575,0.69,0.076,2.6,10.4,5
10.7,3.35,12,0.99542,6,0.44,0.33,0.61,0.042,1.5,8.1,5
9.9,3.15,54,0.9996,22,0.55,0.41,0.89,0.076,3.2,10.4,6
10,3.59,13,0.99664,6,0,0.785,0.61,0.06,2.1,6.2,4
9.8,3.4,30,0.99712,18,0.02,0.63,0.75,0.078,1.9,6.9,5
11.7,3.42,29,0.99397,13,0.14,0.56,0.62,0.064,2.4,6.6,7
9.8,3.3,14,0.9982,6,0.47,0.39,0.75,0.118,1.8,10.9,6
10.9,3.29,60,0.99638,25,0.1,0.635,0.75,0.073,2.1,8.2,6
14,3.68,63,0.9916,27,0,0.34,0.79,0.05,1.8,5.2,6
10.4,3.07,26,0.99791,6,0.5,0.63,0.6,0.071,1.4,12,4
10.2,3.4,14,0.99808,3,0.05,0.875,0.52,0.082,5.7,7.1,3
10.2,3.57,44,0.99547,32,0.12,0.645,0.71,0.075,2,5.9,5
12,3.3,19,0.99468,10,0.38,0.33,0.73,0.063,3.3,8.7,7
9.9,3.21,131,0.99622,31,0.26,0.6,0.52,0.08,2,7.8,5
10.4,3.1,50,0.99783,19,0.5,0.4,0.58,0.099,2,11.2,5
9.8,3.32,29,0.99471,16,0,0.815,0.51,0.267,1.2,6.8,3
9.4,3.56,18,0.9966,8,0,0.58,0.84,0.065,1.6,6.2,5
9.5,3.31,45,0.99727,2,0.3,0.4,0.91,0.157,1.8,7.9,6
10.9,3.4,35,0.99628,20,0.06,0.7,0.69,0.079,1.9,7.8,5
9.5,3.18,42,0.9971,10,0.09,0.5,0.62,0.115,2.2,7.8,5
10.1,3.36,54,0.99724,13,0.14,0.85,0.54,0.093,2.5,8.3,5
9.6,3.1,64,0.99746,24,0.31,0.46,0.74,0.126,2.5,8.7,5
9.8,3.31,71,1.00015,32,0.07,0.59,0.71,0.102,3.4,9.9,5
11.2,3.43,64,0.99491,32,0,0.57,0.56,0.072,2.5,6.8,6
10.7,3.31,37,0.9972,16,0.33,0.62,0.58,0.088,2.7,8,6
9.7,3.14,48,0.9981,25,0.14,0.59,0.56,0.084,2,9.4,5
11.5,3.62,13,0.99557,3,0,0.58,0.62,0.096,2.2,6.5,4
9.8,3.17,113,0.9966,15,0.12,0.655,0.66,0.083,2.3,8.3,5
11.1,3.44,25,0.99514,15,0.14,0.38,0.65,0.038,2.2,6.4,6
11.1,3.14,20,0.99566,7,0.42,0.44,0.79,0.071,2,10.2,7
9.2,2.94,15,0.9988,6,0.45,0.34,0.66,0.082,2,11.3,6
9.5,3.28,73,0.999,35,0.42,0.59,0.7,0.09,2.8,10.3,6
11.3,3.38,21,0.99572,15,0.07,0.69,0.6,0.091,2.5,7,6
11.4,3.22,13,0.99774,6,0.45,0.52,0.76,0.08,2,10.4,6
9.3,3,22,1,11,0.45,0.59,0.7,0.082,2.3,12.7,6
9.8,3.29,91,0.99616,17,0.26,0.6,0.56,0.083,2.1,7.4,6
9.4,3.32,122,0.9984,21,0.32,0.48,0.62,0.084,2.8,9,5
10.3,3.37,53,0.9967,29,0.12,0.4,0.7,0.092,3,7.5,6
9.8,3.6,61,1.00025,26,0,0.87,0.72,0.096,3.3,8.1,4
9.5,3.28,98,0.99736,52,0.17,0.64,0.5,0.168,5.4,7.4,5
11.3,3.23,28,0.9947,15,0.32,0.37,0.73,0.062,2,7.2,7
12.3,3.58,34,0.9955,17,0.02,0.815,0.89,0.072,2.7,6.6,7
9.3,3.26,46,0.9976,17,0.3,0.61,0.51,0.088,2.8,8.8,4
11.1,3.6,67,0.99648,27,0.24,0.43,0.59,0.078,2.5,7.3,6
9.9,3.58,59,0.9943,16,0,0.615,0.52,0.089,1.6,5.6,5
9.9,3.53,20,0.99636,12,0.04,0.88,0.56,0.066,2.2,6.6,5
9.5,3.19,84,0.99593,20,0.15,0.755,0.5,0.107,1.8,7.1,5
9.5,3.46,11,0.997,4,0.02,0.57,0.68,0.067,1.8,6.4,5
9.5,3.38,112,0.9998,16,0.34,0.565,0.61,0.093,3,8.9,5
9.4,3.14,53,1.0004,20,0.17,0.55,0.61,0.087,2.9,9.7,5
9.55,3.31,11,0.99745,4,0.1,0.675,0.65,0.09,1.6,8.7,5
9.3,3.34,23,0.9955,11,0.16,0.39,0.56,0.08,1.4,6.3,5
10.9,3.47,55,0.99652,41,0.39,0.36,0.73,0.08,1.5,9.3,6
9.4,3.22,95,0.9966,18,0.28,0.44,0.67,0.1,2.7,7.8,5
9.2,3.2,92,0.99892,30,0.2,0.77,0.58,0.098,8.1,7.5,5
11,3.36,106,0.9966,39,0.49,0.365,0.78,0.088,2.5,7.3,5
11.1,3.29,51,0.99613,12,0.52,0.37,0.58,0.088,2,9.5,6
11.7,3.15,17,0.9964,6,0.56,0.3,0.92,0.08,2.8,9.4,8
10.5,3.36,31,0.99538,13,0.02,0.51,0.54,0.084,1.7,7.5,6
9.8,3.15,38,0.99616,9,0.25,0.6,0.53,0.118,2.2,8.3,5
10.1,3.28,23,0.9996,4,0.51,0.18,0.97,0.104,4,11.5,6
11.6,3.19,52,0.9971,30,0.57,0.53,0.76,0.093,2.4,9.9,7
10.2,3.3,110,0.99914,20,0.3,0.6,1.17,0.068,4.5,7,5
9.4,3.2,18,0.99666,5,0.38,0.52,0.52,0.096,1.5,8.6,5
10,3.48,87,0.9983,45,0.1,0.78,0.53,0.081,2.6,8.3,5
10.9,3.18,9,0.99901,3,0.46,0.28,0.6,0.114,9,9.1,6
9.2,3.29,79,0.9977,29,0.2,0.725,0.54,0.073,7.8,6.6,5
12.4,3.37,35,0.9934,19,0.53,0.36,0.93,0.23,2.2,6.4,6
9.9,3.15,54,0.9996,22,0.55,0.41,0.89,0.076,3.2,10.4,6
10.4,3.41,64,0.99724,34,0.09,0.42,0.68,0.054,2.3,6.4,6
10,3.32,29,0.9965,18,0,0.64,0.6,0.077,2.4,7.5,6
9.8,3.5,19,0.994,7,0.09,1.13,0.48,0.172,1.5,5.7,4
9.5,3.14,125,0.9978,34,0.44,0.39,1.22,0.107,2.1,9.3,5
9.4,3.09,33,0.9974,6,0.24,0.63,0.57,0.077,2.4,9.9,5
12.5,3.31,43,0.99444,17,0.39,0.31,0.77,0.078,2.4,8.3,7
10,3.25,28,0.99712,13,0.26,0.86,0.62,0.079,1.9,9.5,5
11.5,3.74,96,0.9934,32,0.24,1.04,0.62,0.05,1.6,5,5
9.1,3.16,95,0.997,13,0.61,0.665,0.54,0.112,2,8.4,5
9.7,3.35,10,0.99636,3,0,0.69,0.6,0.114,1.9,7,6
9.8,3.57,49,0.9974,21,0.25,0.37,0.62,0.074,1.9,6.4,6
10,3.23,32,0.99604,11,0.15,1.005,0.48,0.102,2.1,7.7,5
11.3,3.35,23,0.9976,14,0.52,0.43,0.61,0.083,2.3,9.2,6
9,3.1,35,1.0006,12,0.52,0.46,0.56,0.071,2.2,13.2,6
9.5,3.52,28,0.99768,12,0.18,0.51,0.73,0.07,2.1,7.3,6
9.4,3.41,28,0.99765,18,0,0.735,0.6,0.08,2.2,7.3,5
11.2,3.4,24,0.99438,15,0.22,0.56,0.82,0.074,1.8,6.8,6
11.6,3.29,34,0.99484,24,0.44,0.32,0.8,0.061,2.4,6.7,7
9.9,3.25,141,0.9962,33,0.21,0.69,0.51,0.08,2.1,7.9,5
10,3.31,19,0.99701,8,0,0.7,0.53,0.069,1.7,8.8,6
10.3,3.38,44,0.99489,29,0.06,0.53,0.83,0.063,2,6.5,6
11.6,3.49,52,0.99378,28,0,0.795,0.52,0.065,2.2,6.4,5
9.5,3.38,35,0.9968,12,0.16,0.52,0.62,0.085,1.9,7.5,7
10.3,3.16,42,1.0004,12,0.49,0.38,0.61,0.098,2.7,11.9,5
10,3.19,78,0.9992,20,0.49,0.34,0.7,0.078,3.2,10.6,6
9.5,3.51,85,0.99746,15,0.06,0.62,0.54,0.077,2.7,7.2,5
11.3,3.41,24,0.99438,13,0.22,0.49,0.83,0.071,2.3,6.8,6
10.9,3.47,55,0.99652,41,0.39,0.36,0.73,0.08,1.5,9.3,6
10.5,3.35,9,0.99584,4,0.09,0.51,0.54,0.062,2.1,7,5
10.5,3.49,34,0.99655,15,0.19,0.55,0.68,0.082,1.8,7.4,5
9.4,3.39,66,0.99785,24,0.13,0.54,0.61,0.097,2.5,7.6,5
9.5,3.35,49,0.9958,19,0.04,0.5,0.78,0.085,1.5,6.9,5
9.6,3.39,31,0.9966,9,0.26,0.49,0.64,0.062,1.9,7.7,5
11,3.4,44,0.99534,24,0.46,0.36,0.85,0.074,2.1,7.2,7
10.3,3.24,16,0.99682,6,0.28,0.48,0.53,0.068,2.8,7.1,5
10.9,3.4,37,0.99514,24,0.01,0.6,0.61,0.079,2.3,7.1,6
10.4,3.49,51,0.99634,27,0.17,0.43,0.64,0.082,1.8,7.1,5
10.8,3.41,18,0.9962,11,0.06,0.59,0.59,0.06,6,6.8,7
12,3.35,25,0.99388,14,0.27,0.49,0.63,0.071,2.1,7.4,6
10.9,3.5,17,0.99467,9,0,0.9,0.63,0.052,1.6,6.5,6
11.2,3.33,28,0.9964,10,0.3,0.48,0.67,0.066,2.8,8.7,7
9.7,3.28,16,0.998,6,0.41,0.27,0.7,0.091,2,9.3,5
11.8,3.37,58,0.9947,15,0.34,0.18,0.78,0.066,2.7,7.7,6
9.4,3.18,75,0.9998,15,0.52,0.34,0.64,0.159,2.8,10.3,5
9.6,3.67,29,0.99855,8,0.06,0.63,0.73,0.083,2,7.1,5
9.3,3.27,31,0.9976,7,0.26,0.54,0.6,0.097,2.5,8.7,6
10.3,3.37,22,0.9986,5,0.39,0.59,0.58,0.095,2.3,8.9,5
9.5,3.32,96,0.9962,17,0.23,0.67,0.48,0.088,2.1,7.7,5
9.3,3.24,89,0.99664,34,0.27,0.75,0.45,0.11,3.8,7.7,5
10.7,3.54,54,0.995,40,0,0.51,0.93,0.064,2.1,6,6
9.4,2.98,16,1.0006,5,0.55,0.38,0.54,0.081,2.7,13.2,5
11,3.32,37,1.0003,10,0.49,0.35,0.91,0.07,3.3,11.5,6
10.1,3.22,15,0.9973,7,0.48,0.18,0.64,0.068,1.5,11.1,6
9.2,3.2,92,0.99892,30,0.2,0.77,0.58,0.098,8.1,7.5,5
9.9,3.57,63,0.9975,35,0.02,0.765,0.78,0.063,2.3,6.9,5
9,3.25,47,1.0008,10,0.66,0.58,0.57,0.074,2.2,11.6,3
9.3,3.09,119,0.998,21,0.17,0.63,0.52,0.099,2.9,8.6,5
9.23333333333333,3.53,65,0.99842,16,0.21,0.84,0.72,0.074,4.1,6.9,6
9.5,3.51,85,0.99746,15,0.06,0.62,0.54,0.077,2.7,7.2,5
9.8,3.53,88,0.99745,17,0.03,0.63,0.58,0.08,2.2,7.2,6
10.8,3.43,61,0.99528,34,0.13,0.52,0.59,0.078,2.4,7.4,6
10.5,3.33,87,0.9978,12,0.36,0.45,0.83,0.074,5.9,7.3,5
9.5,3.3,44,0.9973,1,0.29,0.4,0.92,0.157,1.8,7.9,6
9.7,3.09,25,0.99581,6,0.1,0.39,0.43,0.075,1.7,8.4,6
9.3,3.29,61,0.99572,16,0.07,0.66,0.6,0.07,1.6,6.8,5
10.2,3.47,73,0.99786,52,0.33,0.24,0.9,0.061,2.3,9.4,6
11.2,3.36,68,0.99501,28,0.44,0.28,0.66,0.081,1.8,8,5
10,3.39,40,0.9978,11,0.28,0.54,0.61,0.077,1.9,8.3,6
9.2,3.23,121,0.9978,26,0.49,0.44,0.58,0.078,2.4,9,5
10.3,3.33,11,0.9958,5,0.47,0.33,0.53,0.077,2.1,7.3,6
12,3.21,44,0.99384,8,0.27,0.34,0.56,0.067,2.8,6.5,6
9.7,3.67,31,0.9993,5,0.02,0.65,0.8,0.094,2.3,7.2,5
10.5,3.42,16,0.9962,3,0.16,0.59,0.92,0.065,1.8,8,7
10.7,3.44,15,0.9962,6,0.07,0.705,0.58,0.076,1.6,6.6,5
10,3.11,46,0.9979,15,0.31,0.56,0.92,0.089,2.8,9.6,6
11.7,3.26,27,0.99516,13,0.33,0.29,0.84,0.063,2.05,9.1,7
9.7,3.27,33,0.9954,24,0,0.84,0.55,0.065,1.4,8.7,5
13.6,3.38,38,0.9933,18,0.34,0.36,0.88,0.075,1.8,7.4,7
10.4,3.31,22,0.9959,8,0.3,0.5,0.56,0.075,1.9,7.8,6
11.2,3.6,33,0.99488,15,0.01,0.98,0.46,0.057,2,6.3,6
10.9,3.14,21,0.99556,14,0.4,0.295,0.51,0.073,1.5,9.7,6
10.5,3.39,92,0.99677,23,0.78,0.31,0.48,0.074,13.9,5.6,6
9.2,3.2,90,0.9973,12,0.6,0.65,0.52,0.112,2.1,8.4,5
9.5,3.38,78,0.9987,23,0.35,0.45,0.62,0.08,2.4,9.1,5
10.5,3.38,47,0.9991,10,0.32,0.4,0.77,0.087,5.6,8.9,7
11.5,3.59,9,0.9948,6,0,0.56,0.54,0.079,2.2,6.1,6
10.6,3.38,25,0.99814,17,0.6,0.27,0.72,0.074,2.1,7.1,6
10.6,3.53,46,0.99522,36,0.03,0.56,0.57,0.086,1.5,6.9,5
9.2,2.94,15,0.9988,6,0.45,0.34,0.66,0.082,2,11.3,6
12.5,3.19,17,0.99484,9,0.49,0.27,0.52,0.082,5,9.9,7
9.4,3.2,24,0.9982,10,0.51,0.28,0.89,0.08,1.7,10.5,6
9.5,3.41,79,0.9969,33,0.3,0.4,0.65,0.08,1.7,7.3,6
9.5,3.38,16,0.99654,6,0.02,0.57,0.69,0.115,2.1,6.6,5
9.1,3.36,53,0.9971,12,0.12,0.52,0.57,0.067,3,7.6,5
9.4,3.41,46,0.9962,9,0.31,0.39,0.54,0.074,2.4,7.3,6
12.3,3.52,48,0.9952,32,0.03,0.84,0.56,0.059,2.3,6.6,7
11.5,3.3,48,0.99494,22,0.44,0.39,0.84,0.066,2.6,7.2,6
10.2,3.2,46,0.9993,28,0.49,0.27,0.8,0.079,3.1,12.3,6
9.7,3.31,72,1.0001,18,0.28,0.615,0.53,0.087,3.2,9.4,5
10.1,3.66,13,0.99498,6,0.03,0.62,0.62,0.08,1.5,5.6,4
9.4,3.39,40,0.9991,16,0.45,0.54,0.62,0.071,2.3,9.9,5
10,3.43,48,0.99576,28,0.24,0.35,0.54,0.067,2,7.3,4
11.2,3.27,10,0.99419,5,0.36,0.34,0.54,0.065,1.9,7.9,7
11.8,3.18,25,0.997,10,0.68,0.26,0.61,0.085,2.55,11,5
11.6,3.21,14,0.99476,5,0.56,0.58,1.03,0.153,3.1,7.5,6
10,3.39,11,0.99608,4,0,0.835,0.52,0.166,2,7.2,5
11.5,3.43,16,0.99479,10,0.09,0.54,0.59,0.081,2,7,6
12,3.33,31,0.99615,11,0.36,0.31,0.86,0.079,2.2,9.2,7
9.2,3.29,18,0.9972,6,0.17,0.42,0.61,0.073,2,8,6
13.3,3.3,24,0.99252,14,0.12,0.39,0.53,0.065,2.1,7.1,6
12.3,3.27,16,0.99649,5,0.46,0.42,0.74,0.074,2.1,9.7,6
10.6,3.24,24,0.996,8,0.31,0.4,0.69,0.082,1.9,8.2,6
10.0333333333333,3.07,28,0.99704,6,0.4,0.475,0.65,0.091,1.4,11.6,6
10.9,3.33,10,0.99724,6,0.48,0.26,0.87,0.066,1.9,10.4,6
12.9,3.47,12,0.99162,7,0,0.69,0.53,0.055,1.65,6.4,6
10,3.39,21,0.9946,15,0,0.65,0.47,0.065,1.2,7.3,7
10.1,3.41,16,0.9964,5,0.25,0.36,0.6,0.098,2.4,6.9,6
9.5,3.37,86,0.9983,10,0.22,0.56,0.62,0.082,2.4,8.3,5
9.8,3.31,71,1.00015,32,0.07,0.59,0.71,0.102,3.4,9.9,5
9.7,3.47,48,0.99661,26,0.21,0.36,0.77,0.047,2.2,6.4,6
10.2,3.21,15,0.998,5,0.64,0.44,0.67,0.059,2.1,11.6,6
10.1,3.29,91,0.9979,22,0.32,0.69,0.62,0.088,2.5,9.7,5
9.2,3.1,60,0.99499,43,0.22,0.59,0.42,0.082,1.8,7.5,5
11.3,3.23,28,0.9947,15,0.32,0.37,0.73,0.062,2,7.2,7
11.4,3.32,38,0.99438,32,0,0.44,0.58,0.07,1.4,6.9,6
11.4,3.19,11,0.99478,5,0.43,0.39,0.46,0.068,1.65,9.8,5
10.2,3.18,62,0.9994,26,0.31,0.59,0.63,0.09,2.2,10,6
12.3,3.25,12,0.99354,7,0.45,0.28,0.55,0.067,1.7,8.9,7
10,3.26,45,0.9959,30,0.24,0.4,0.58,0.083,2.5,6.9,5
10.4,3.25,19,0.99758,14,0.42,0.44,0.57,0.064,2.2,11.1,6
9.3,3.24,30,0.9978,9,0.33,0.52,0.6,0.07,1.3,9.1,5
9.4,2.74,69,0.9996,32,1,0.52,2,0.61,3.4,9.2,4
9.2,3.19,15,1,5,0.49,0.49,0.43,0.083,2.2,11.7,5
11.4,3.72,13,0.9942,5,0.04,0.54,0.58,0.049,1.7,5.6,5
9.4,3.47,23,0.997,9,0.02,0.64,0.67,0.067,2.1,7,6
12.9,3.46,101,0.9924,16,0.18,0.51,0.87,0.042,2.1,5.1,7
10.8,3.51,14,0.99562,6,0.05,0.81,0.66,0.07,2,6.8,6
9.2,3.26,67,0.99668,31,0.26,0.87,0.46,0.107,3.8,7.8,5
9.5,3.19,42,0.9969,10,0.14,0.61,0.59,0.067,2.4,8.8,5
10.6,3.39,34,0.9948,18,0.24,0.46,0.6,0.077,1.7,6.7,6
12.9,3.85,106,0.9932,17,0.17,0.6,0.6,0.058,2.3,4.7,6
9.7,3.22,122,0.99801,26,0.32,0.42,1.07,0.08,2.5,8,5
9.3,3.27,18,0.99592,7,0.14,0.56,0.62,0.078,1.6,7.1,5
9.8,3.26,29,0.9962,10,0.38,0.39,0.74,0.058,1.5,8.2,5
9.3,3.48,39,0.9987,9,0.2,0.56,0.62,0.075,2,7.7,5
9.8,3.24,41,0.9974,10,0.08,0.735,0.71,0.092,2.4,7.8,6
10.6,3.46,37,0.9966,22,0,0.685,0.57,0.105,2.5,6.9,6
11,3.46,37,0.99685,10,0.25,0.52,0.5,0.081,2.6,6.9,5
10,3.07,42,1.0022,7,0.66,0.615,0.73,0.083,5.8,12.8,7
10.3,3.6,45,0.99528,24,0.08,0.53,0.68,0.077,1.9,6.1,6
9.4,3.22,142,0.9978,38,0.49,0.4,0.55,0.085,2.5,9.3,5
9.8,3.39,54,0.9966,13,0.05,0.735,0.57,0.081,2,7,5
9.4,3.1,42,0.9963,9,0.22,0.765,0.55,0.064,2.3,8.7,5
11.6,3.23,19,0.9963,11,0.49,0.44,0.63,0.077,2.7,10,7
10,3.07,42,1.0022,7,0.66,0.615,0.73,0.083,5.8,12.8,7
10.6,3.56,19,0.9963,8,0.4,0.47,0.73,0.071,2.4,6.4,6
10.2,3.03,54,1,15,0.52,0.4,0.66,0.092,2,12.1,5
11.7,3.6,57,0.99598,20,0.07,0.86,0.74,0.1,2,6.7,6
9.6,2.89,32,0.9986,8,0.39,0.43,0.5,0.106,2.2,10.7,5
10.2,3.3,59,0.99612,19,0.25,0.52,0.48,0.078,2,8,5
9.1,3.17,63,0.9984,14,0.13,0.58,0.62,0.096,2.9,8.3,6
11.8,3.32,46,0.99332,8,0.01,0.62,0.51,0.065,2.3,7.2,6
9.6,3.36,27,0.9972,9,0.06,0.57,0.7,0.076,1.6,7.2,6
9.2,3.46,18,0.9972,9,0,0.615,0.65,0.065,1.9,6.5,5
10,3.34,14,0.9978,6,0.24,0.5,0.52,0.103,2.3,9.9,4
9.2,3.42,54,0.998,23,0.28,0.51,0.74,0.087,2.1,7.7,5
10.5,3.2,12,0.99667,5,0.34,0.36,0.67,0.062,1.6,9.2,6
9.6,3.3,19,0.99616,5,0.05,0.955,0.44,0.075,1.8,8.8,4
9.5,3.4,66,0.99718,19,0.29,0.43,0.64,0.075,2.1,7.6,5
9.6,3.12,64,0.99529,40,0.08,0.48,0.49,0.074,1.8,6.8,5
11.7,3.07,17,1.0002,10,0.49,0.53,0.56,0.118,4.6,10.9,6
9.5,3.32,27,0.9967,15,0.08,0.63,0.54,0.076,1.9,7.7,6
10.2,3.21,29,0.9962,16,0.23,0.45,0.49,0.094,2.2,8,6
9.8,3.31,60,0.99638,15,0.18,0.585,0.54,0.078,2.4,7.3,5
12.3,3.44,28,0.99352,21,0,0.5,0.55,0.062,1.8,6.6,6
9.5,3.33,35,0.9961,7,0.21,0.38,0.47,0.08,2,7.3,5
12.1,3.21,10,0.99586,3,0.53,0.48,0.59,0.101,4,8.9,7
10.5,3.3,14,0.99562,4,0.1,0.49,0.47,0.068,2.6,7.3,5
10.2,2.99,60,0.99786,7,0.3,0.89,1.18,0.132,2.6,10.8,5
10.9,3.21,56,0.9962,14,0.04,0.55,0.6,0.119,2.2,8.8,6
9.3,3.52,62,0.997,8,0.21,0.62,0.58,0.079,1.9,6.7,6
10.3,3.41,28,0.999,1,0.24,0.22,0.87,0.078,2.1,9.1,6
9.2,3.07,24,1.00005,10,0.44,0.21,0.84,0.075,2.2,15,7
11,3.51,14,0.99555,6,0.39,0.44,0.69,0.077,2.5,6.2,6
9.3,3.1,60,0.99494,36,0.2,0.61,0.4,0.076,1.7,7.5,5
13.6,3.54,89,0.99182,16,0.11,0.47,0.88,0.048,2.2,5.3,7
10.4,3.53,17,0.99588,11,0.04,0.79,0.65,0.061,2.2,6.4,6
10.7,3.3,80,1.0002,54,0.49,0.33,0.76,0.093,3.4,11.8,7
9.2,3.19,88,0.99823,33,0.21,0.42,0.52,0.092,2.5,8.8,5
9.4,3.44,70,0.99693,35,0.3,0.36,0.5,0.08,1.6,7.1,5
11.1,3.14,20,0.99676,6,0.57,0.36,0.72,0.087,2.3,10.6,7
11.8,3.41,43,0.99371,31,0.01,0.715,0.57,0.064,2.1,7.7,6
11.6,3.67,26,0.99402,16,0.09,0.74,0.56,0.089,1.7,5.4,6
10,3.36,96,0.99814,26,0.05,0.82,0.53,0.081,2.4,9,5
9.4,3.22,114,0.9973,21,0.28,0.58,0.54,0.066,3.2,8,6
9.5,3.12,10,0.99698,3,0.39,0.24,0.59,0.074,1.6,8.9,6
11,3.33,17,0.99732,8,0.44,0.32,0.78,0.104,2.7,7.8,7
9,3.41,85,0.99706,27,0.33,0.49,0.58,0.074,1.9,7.6,5
10.2,3.36,26,0.99575,17,0.02,0.57,0.61,0.072,2,7,5
9.3,3.32,53,0.9957,22,0.15,0.44,0.62,0.076,2.1,6.6,5
9.5,3.29,40,0.99803,17,0.1,0.65,0.55,0.089,2.9,8.3,5
11.8,3.4,39,0.99562,10,0.36,0.31,0.69,0.056,2.6,8.9,5
11.8,3.46,31,0.995,10,0.02,0.605,0.53,0.096,1.9,7.2,6
9.5,3.2,13,0.9968,5,0.21,0.73,0.52,0.074,1.7,8.2,5
9.3,3.26,19,0.9982,6,0.22,0.615,0.61,0.087,2.6,8.3,5
11.1,2.92,23,1.00315,10,0.49,0.645,0.74,0.095,4.2,15.5,5
11.4,3.72,13,0.9942,5,0.04,0.54,0.58,0.049,1.7,5.6,5
12,3.33,59,0.99617,32,0.45,0.42,0.77,0.072,2.4,8.7,6
9.5,3.28,22,0.99708,9,0.44,0.43,0.55,0.085,1.9,9.3,5
10.4,3.13,6,0.9969,3,0.49,0.45,0.63,0.075,1.4,12.2,5
11.2,3.34,52,0.99494,24,0.64,0.16,0.71,0.059,2.1,6.7,6
9.9,3.37,54,0.999,11,0.15,1.035,0.49,0.073,6,8.4,5
9.7,3.26,147,0.99636,23,0.26,0.54,0.59,0.089,1.9,7.7,5
9.8,3.59,31,0.99689,14,0.21,0.64,0.66,0.081,1.8,6.4,5
9.5,3.39,21,0.996,5,0.12,0.67,0.54,0.186,1.6,7.4,5
10.2,3.17,73,0.9955,33,0.15,0.51,0.63,0.11,2.8,7.6,6
10.7,3.51,47,0.99525,22,0.07,0.91,0.43,0.058,1.9,7.8,6
10.8,3.31,52,0.997,28,0.35,0.62,0.62,0.086,2.8,8,5
9.4,3.44,72,0.997,35,0.3,0.41,0.52,0.083,2.1,7.2,5
10.4,3.18,10,0.9977,5,0,0.6,0.63,0.058,1.9,9.1,6
9.4,3.37,121,0.9982,36,0.26,0.6,0.49,0.07,7.3,7.4,5
9.5,3.08,29,0.9979,7,0.47,0.47,0.46,0.074,2.4,8.6,5
10.2,3.34,26,0.9984,10,0.4,0.39,0.75,0.073,2.6,9.3,6
11,3.29,35,0.99396,6,0.41,0.33,0.71,0.056,1.5,7.9,6
13,3.22,7,0.99286,3,0.08,0.6,0.37,0.056,2.6,8,5
9.3,3.26,119,0.99675,17,0.23,0.57,0.57,0.073,3.2,8,5
11.4,3.36,12,0.99605,5,0.57,0.38,0.55,0.106,2.3,7.5,6
11.7,3.26,100,0.99064,36,0.28,0.28,0.39,0.012,2.4,6.7,7
12.9,3.56,88,0.9924,12,0.05,0.85,0.82,0.045,1.4,5.6,8
11.3,3.37,15,0.997,5,0.23,0.78,0.56,0.059,2.6,8.1,5
12.1,3.35,29,0.99323,15,0.14,0.53,0.61,0.064,2.1,7.2,6
10.6,3.26,47,0.99676,31,0.38,0.35,0.82,0.058,1.5,9.9,7
10,3.12,48,0.99502,15,0.07,0.74,0.48,0.086,1.7,7.4,5
9.4,3.25,108,0.99641,26,0.08,0.61,0.51,0.082,4,7.2,5
10.7,3.42,43,0.9955,27,0.01,0.59,0.58,0.08,2.3,7.1,6
11.7,3.57,42,0.9946,19,0.24,0.36,0.57,0.095,2.2,6.2,6
9.5,2.94,127,0.9965,36,0.3,0.31,1.62,0.053,2.2,7.1,5
9.4,3.38,94,0.99915,27,0.18,0.65,0.77,0.088,7,7.5,5
12,3.2,35,1.0014,5,0.49,0.35,0.66,0.066,5.8,12.9,7
10.7,3.31,20,0.999,5,0.49,0.5,0.79,0.25,2.6,9.8,6
11,3.4,44,0.99534,24,0.46,0.36,0.85,0.074,2.1,7.2,7
13.4,3.32,27,0.995,13,0.51,0.4,0.9,0.052,2.6,8.9,7
11.2,3.3,15,0.99576,4,0.32,0.37,0.8,0.064,2.1,9.1,6
10.9,3.29,60,0.99638,25,0.1,0.635,0.75,0.073,2.1,8.2,6
12.3,3.01,289,0.99316,37.5,0.68,0.3,0.51,0.05,8.3,7.9,7
9.4,3.16,90,0.9984,27,0.04,0.62,0.7,0.146,1.9,9,5
12.8,3.71,11,0.99378,3,0,0.66,0.63,0.087,2.2,5.6,7
10.1,3.39,41,0.99697,19,0.06,0.6,0.62,0.079,2,7.7,6
10.9,3.27,14,0.99702,3,0.36,0.49,0.78,0.081,1.7,9.3,6
9.6,3.19,14,1.0002,5,0.49,0.5,0.44,0.089,2.2,12.3,5
11,3.32,69,0.99633,12,0.28,0.58,0.7,0.085,4.8,7,6
10.6,3.05,47,0.9996,15,0.65,0.32,0.61,0.093,2.6,13,5
11.8,3.01,15,0.9984,6,0.71,0.54,0.83,0.124,4.4,11.5,7
11.7,3.26,100,0.99064,36,0.28,0.28,0.39,0.012,2.4,6.7,7
12.1,3.35,37,0.9952,21,0.33,0.34,0.77,0.064,2.5,7.3,7
10.6,3.42,58,0.99633,23,0.25,0.32,0.97,0.071,2.3,6.1,5
12,3.17,76,0.999,38,0.73,0.44,0.85,0.074,6.55,10.4,7
9.6,3.16,98,0.99713,19,0.19,0.785,0.52,0.094,5.2,7.4,6
10.3,3.45,31,0.99629,21,0,0.66,0.63,0.115,3,6.6,5
9.4,3.21,27,0.9974,11,0.42,0.26,0.8,0.08,2,8.3,6
11,3.21,17,0.9988,5,0.49,0.46,0.73,0.064,6.3,9.5,6
11.5,3.16,51,0.9982,21,0.42,0.5,0.72,0.069,2,10.3,6
11.2,3.59,24,0.99437,17,0,1.02,0.55,0.083,2,6.3,4
9.5,3.45,66,0.9971,29,0.29,0.4,0.59,0.078,1.9,7.6,6
9.8,3.2,48,0.9952,36,0.02,0.82,0.58,0.07,1.2,8.7,5
9,3.48,24,0.9978,8,0.08,0.62,0.53,0.076,1.8,7,5
11,3.48,11,0.99892,6,0.02,1.02,0.49,0.084,3.4,8.3,3
9.7,3.52,71,0.9982,23,0.31,0.39,0.65,0.082,2.3,7.6,5
12,3.2,18,0.9962,6,0.53,0.27,1.13,0.074,2.4,9.4,7
13,3.22,38,1.0004,7,0.76,0.37,0.6,0.066,4.2,12,7
12.3,3.01,278,0.99316,37.5,0.68,0.3,0.51,0.05,8.3,7.9,7
9.7,3.1,111,0.99524,36,0.02,0.48,0.53,0.08,2.2,6.7,5
10.6,3.17,17,0.99683,5,0.34,0.37,0.65,0.085,2.4,10.1,7
10.6,3.34,49,0.9976,20,0.09,0.52,0.86,0.091,2.5,8.7,7
10.5,3.44,124,0.9956,34,0.12,0.58,0.48,0.091,1.9,7,5
10.5,3.32,18,0.99568,12,0.01,0.58,0.56,0.088,1.8,7.7,7
11.5,3.3,113,0.99572,6,0.32,0.33,0.56,0.054,12.9,6,4
9.4,3.28,143,0.9978,23,0.26,0.685,0.55,0.082,2.4,9.4,5
9.7,3.5,71,0.9997,28,0.5,0.6,0.57,0.079,2.3,9.6,5
10.2,3.46,58,0.9997,21,0,0.69,0.72,0.124,5.6,6.8,5
9.2,3.04,56,0.9969,17,0.51,0.32,1.08,0.341,1.8,7.9,6
10.8,3.24,38,0.99818,20,0.33,0.45,0.71,0.099,2.5,10.8,5
9.5,3.34,45,0.9978,25,0.04,0.62,0.53,0.084,3.8,7.7,5
10,3.39,47,0.99522,22,0.19,0.42,0.78,0.075,2,6,6
9.8,3.39,23,0.9984,9,0.14,0.82,0.63,0.089,2.6,9,5
10.3,3.4,48,0.99612,5.5,0.18,0.765,0.6,0.243,2.4,6.9,6
9.7,3.28,28,0.9964,7,0.21,0.55,0.55,0.071,2.2,7.6,5
9.9,3.26,18,0.99682,4,0.22,0.52,0.57,0.084,2.7,8.4,6
11.3,3.16,148,0.9948,24,0.27,0.42,0.57,0.068,8.6,6.7,6
10.4,3.33,8,0.99396,4,0,0.61,0.37,0.069,1.6,6.6,4
10.9,3.36,60,0.9955,15,0.2,0.96,0.44,0.047,2,7.7,5
9.2,3.2,75,0.99736,11,0.19,0.67,0.59,0.093,2.2,8.4,4
10.4,3.14,28,0.9978,10,0.49,0.24,0.61,0.075,2.4,10.2,5
10.75,3.3,38,0.99472,29,0.02,0.855,0.56,0.064,1.9,6.7,6
10.5,3.3,18,0.9979,6,0.48,0.2,0.71,0.343,2,11,5
10,3.17,17,0.9976,6,0.39,0.67,0.47,0.054,1.9,10.2,5
10,3.34,73,0.99654,32,0.29,0.6,0.57,0.069,2,9,5
11.1,3.5,67,0.9952,21,0.4,0.23,0.63,0.063,1.6,7,5
13,3.57,93,0.9924,13,0.08,0.835,0.85,0.046,1.2,5.4,7
10,3.22,89,0.9984,28,0.33,0.43,0.68,0.095,2.7,10,5
10.5,3.21,14,0.9968,8,0.2,0.49,0.9,0.332,2.6,7.5,6
10.5,3.58,38,0.9972,8,0.42,0.52,0.61,0.087,2.3,7.5,6
12.8,3.27,102,0.99414,34,0.33,0.66,0.78,0.068,2.5,7.2,6
10.3,3.16,42,1.0004,12,0.49,0.38,0.61,0.098,2.7,11.9,5
11.7,3.26,27,0.99516,13,0.33,0.29,0.84,0.063,2.05,9.1,7
10.8,3.42,44,0.99522,26,0,0.59,0.68,0.078,2.2,7.1,6
10.8,3.35,17,0.99655,9,0.09,0.725,0.49,0.117,5.5,6.6,6
10.8,3.25,21,0.9976,6,0.46,0.24,1.02,0.075,1.8,10.4,7
10.5,3.3,103,0.9969,35,0.56,0.28,0.75,0.092,1.8,8.5,7
9.4,3.34,58,0.9964,24,0.37,0.34,0.59,0.082,2,7.8,6
10.6,3.39,34,0.9948,18,0.24,0.46,0.6,0.077,1.7,6.7,6
10,3.22,69,0.99787,30,0.19,0.61,0.5,0.094,4,8.8,6
10,3.54,94,0.9944,21,0.02,0.68,0.52,0.087,1.8,5.8,5
11,3.18,49,0.9988,13,0.59,0.59,0.65,0.087,2.6,11.5,6
10.2,3.26,69,0.99734,17,0.28,0.63,0.63,0.096,2.7,8.7,6
11.8,3.09,15,0.9973,6,0.64,0.51,0.66,0.107,2.4,10.5,7
9,3.03,62,0.9979,16,0.51,0.49,1.17,0.422,2,8.6,5
9.4,3.24,147,0.9979,30,0.28,0.88,0.53,0.086,2.4,9.6,5
9.5,3.52,28,0.99768,12,0.18,0.51,0.73,0.07,2.1,7.3,6
9.6,3.17,37,0.9982,12,0.66,0.55,0.67,0.387,2.3,9.5,5
10.5,3.24,23,0.99786,10,0.37,0.41,0.56,0.091,2.3,9.6,5
10.6,3.34,49,0.9976,20,0.09,0.52,0.86,0.091,2.5,8.7,7
10.4,3.3,27,0.99592,14,0.08,0.57,0.59,0.089,2.6,7.5,6
9.4,3.28,104,0.9976,14,0.23,0.56,0.62,0.078,3.4,8.2,5
9.5,3.25,19,0.9988,5,0.54,0.28,0.63,0.105,2.7,10.4,5
10.8,3.58,33,0.99736,16,0.1,0.635,0.69,0.08,2.4,7.4,7
9.2,3.31,43,0.9976,11,0.26,0.675,0.53,0.084,2.1,8.3,4
10.5,3.21,70,0.99798,24,0.35,0.43,0.69,0.092,3.3,10.5,6
9.5,3.42,70,0.99685,31,0.3,0.38,0.59,0.073,1.8,7.2,6
11.3,3.4,47,0.99594,16,0.34,0.26,0.78,0.073,2.5,8.2,7
9.8,3.35,39,0.99615,9,0.06,0.53,0.48,0.074,1.7,7.7,6
12.4,3.26,12,0.99408,6,0.48,0.28,0.62,0.093,2.1,8.3,7
11,3.47,77,0.99604,53,0.36,0.22,0.87,0.064,1.9,8.6,7
9.4,3.36,54,0.9966,7,0.32,0.62,0.52,0.082,2.2,7.6,5
9,3.3,35,0.9972,13,0.18,0.545,0.59,0.08,1.9,8.1,6
9.7,3.35,75,0.9987,21,0.49,0.45,0.57,0.084,2.6,9,5
10.6,3.42,58,0.99633,23,0.25,0.32,0.97,0.071,2.3,6.1,5
11.3,3.45,11,0.99562,7,0,0.58,0.58,0.064,2,7.4,6
11.8,3.14,19,0.99434,12,0.42,0.32,0.71,0.075,2.3,8.5,7
9.1,3.14,94,0.99786,29,0.15,0.41,0.58,0.104,3.7,7.5,5
10.9,3.4,49,0.99666,19,0.29,0.25,0.76,0.054,2.2,7.4,7
9.4,3.19,81,0.9973,14,0.23,0.7,0.7,0.099,2,8.2,5
9.5,3.28,22,0.99708,9,0.44,0.43,0.55,0.085,1.9,9.3,5
10.1,3.28,23,0.9996,4,0.51,0.18,0.97,0.104,4,11.5,6
11.5,3.29,11,0.99331,7,0.39,0.305,0.52,0.059,1.2,7.3,6
9.6,3.3,23,0.9961,8,0.07,0.64,0.58,0.1,1.8,7.4,5
8.4,2.86,15,1.0008,6,0.74,0.31,0.79,0.075,1.8,14.3,6
10.2,3.2,10,0.9968,6,0.52,0.26,0.72,0.071,1.8,11.8,7
9.5,3.31,94,0.9961,18,0.22,0.69,0.48,0.084,1.9,7.7,5
11.1,3.33,39,0.99692,21,0.21,0.5,0.83,0.088,2.2,8.9,6
9.5,3.2,77.5,0.99558,51,0,0.63,0.45,0.093,4.3,6.6,5
12.8,3.9,44,0.9921,18,0.02,0.47,0.62,0.034,1.3,5.1,6
11.6,3.38,9,0.99738,3,0.4,0.34,0.66,0.055,4.7,8.5,7
13.6,3.49,80,0.9902,29,0.5,0.4,0.66,0.046,4.3,5,6
9.6,3.19,63,0.9965,16,0.11,0.745,0.82,0.09,1.9,8.4,5
12.1,3.2,9,0.99458,5,0.48,0.34,0.69,0.052,2.1,10.2,7
9.8,3.59,31,0.99689,14,0.21,0.64,0.66,0.081,1.8,6.4,5
9.9,2.98,21,0.9976,10,0.49,0.28,0.66,0.074,1.9,12,7
9.6,2.89,32,0.9986,8,0.39,0.43,0.5,0.106,2.2,10.7,5
10.9,3.24,38,0.99699,11,0.31,0.54,0.56,0.112,2.3,9.2,5
11.8,2.98,74,0.99451,42,0.54,0.26,0.63,0.083,1.9,10,8
10.6,3.39,34,0.9948,18,0.24,0.46,0.6,0.077,1.7,6.7,6
9.3,3.48,22,0.9969,12,0,0.68,0.5,0.073,2.2,7.1,5
9.6,3.32,84,0.9972,22,0.48,0.38,0.7,0.073,2.6,7.5,4
11.9,3.54,27,0.99622,13,0.15,0.7,0.6,0.076,5.1,6.2,6
9.4,3.3,17,0.9976,5,0.48,0.38,1.05,0.157,1.8,8.1,5
9.2,3.38,50,0.9957,13,0.25,0.32,0.55,0.103,1.8,5.2,5
9.9,3.21,22,0.99573,18,0.13,0.53,0.68,0.058,2,7.2,6
11,3.18,55,0.99495,21,0.39,0.36,0.82,0.06,1.8,9.1,7
11.1,3.42,24,0.9956,10,0,0.67,0.72,0.068,2.2,7.2,6
9.3,3.35,38,0.999,19,0,0.69,0.6,0.088,2.4,9,5
9.4,3.34,58,0.9965,24,0.18,0.4,0.58,0.079,1.6,7.5,5
10.55,3.44,24,0.99514,15,0.17,0.56,0.68,0.065,1.7,7,7
9.4,3.25,120,0.9968,24,0.33,0.59,0.54,0.074,2,7.8,5
10.1,3.08,88,0.9984,26,0.43,1.02,0.57,0.076,2.9,10.6,6
9.5,3.36,18,0.9968,9,0.02,0.58,0.57,0.073,2,7.8,7
9.2,3.13,113,0.99733,23,0.2,0.66,0.48,0.097,2.1,8.5,5
9.7,3.2,48,0.99739,15,0.18,0.745,0.47,0.077,2.5,8.9,6
9.3,3.12,110,0.9972,23,0.49,0.61,1.02,0.27,2,8.9,5
9.5,3.46,68,0.9992,21,0.44,0.59,0.63,0.071,2.3,9.5,5
10.4,3.37,54,0.9956,28,0.2,0.46,0.64,0.077,1.9,7.1,6
11.2,3.41,155,1.001,35,0.25,0.88,0.67,0.104,2.5,9.8,5
11,3.3,79,0.9964,32,0.32,0.36,0.72,0.081,2.2,8.4,6
9.8,3.38,26,0.99547,13,0.19,0.49,0.64,0.079,1.7,6.9,6
9.4,3.3,59,0.9964,15,0.06,0.6,0.46,0.069,1.6,7.9,5
10.7,3.26,21,0.9987,6,0.49,0.31,0.86,0.067,2.5,10.6,6
10.7,3.28,65,0.9969,27,0.57,0.32,0.79,0.074,2,9.3,5
14,3.72,50,0.9917,19,0.24,0.42,0.74,0.06,2,5,8
11,3.47,46,0.99358,26,0.02,0.64,0.45,0.069,2.4,6.1,5
12.1,3.49,45,0.9974,21,0.25,0.51,0.96,0.077,2.9,7.9,6
9.2,3.34,42,0.99629,25,0.13,0.56,0.59,0.077,1.6,7,5
9.9,3.28,34,1.0004,17,0.22,0.67,0.98,0.107,2.7,10.7,6
12.5,3.35,16,0.9948,6,0.45,0.43,0.7,0.052,1.9,8.9,6
10.1,3.29,20,0.99546,12,0.13,0.695,0.54,0.076,2,7.2,5
9.3,3.27,77,0.9966,15,0.16,0.735,0.64,0.1,1.9,7.1,5
10.8,3.31,60,0.9979,24,0.38,0.42,0.7,0.094,2.5,8.3,6
11.4,3.3,15,0.9956,6,0.44,0.38,0.64,0.098,1.9,8,6
9,3.38,29,0.9974,6,0.08,0.59,0.5,0.086,4.4,7.4,4
11.5,3.16,99,1.0008,28,0.58,0.49,1,0.103,3,12.4,6
9.9,3.3,105,0.99613,25,0.22,0.6,0.49,0.08,2.1,8,5
9.5,3.18,16,0.998,6,0.36,0.49,0.6,0.222,1.8,8.3,6
9.5,3.2,77.5,0.99558,51,0,0.63,0.45,0.093,4.3,6.6,5
12,3.12,30,0.9976,9,0.59,0.33,0.54,0.079,2.8,9.4,6
8.7,3.34,55,0.9988,32,0.49,0.42,0.75,0.084,2.6,8.2,6
10,3.23,13,0.996,3,0.33,0.33,1.1,0.061,1.7,7.2,8
9.3,3.23,36,0.99614,14,0.37,0.23,0.49,0.057,2.2,10.2,4
9.2,3.12,21,1,10,0.5,0.34,1.18,0.066,2.4,12.2,6
10.4,3.37,47,0.9956,18,0.24,0.41,0.62,0.066,1.8,7.4,5
11,3.37,33,0.99612,5,0.22,0.64,0.58,0.094,2.4,8,5
11,3.4,44,0.99534,24,0.46,0.36,0.85,0.074,2.1,7.2,7
11.2,3.52,51,0.99512,39,0.1,0.55,0.76,0.062,2.2,5.9,6
11.3,3.42,20,0.9954,13,0.15,0.67,0.67,0.118,1.8,6.8,6
10.1,3.35,82,0.9958,17,0.07,0.675,0.54,0.089,2.4,6.7,5
12.5,3.58,50,0.99467,15,0.2,0.58,0.67,0.075,2.4,6,6
9.4,3.01,38,0.99634,15,0.5,0.44,1.1,0.369,1.9,8.5,5
9.4,3.23,127,0.9976,21,0.35,0.5,0.62,0.077,2.9,8.2,5
11.2,3.26,22,0.9998,5,0.63,0.33,0.74,0.084,2.8,10.4,7
9.6,3.48,20,0.9969,7,0,0.805,0.56,0.068,2.5,7,5
9.9,3.26,74,0.9958,13,0.31,0.43,0.54,0.069,2.1,7.6,6
9.1,3.26,27,0.9974,15,0.05,0.69,0.61,0.075,2.7,7.7,5
9.4,3.3,135,0.9976,30,0.3,0.47,0.53,0.076,3,8.6,5
9.4,3.2,119,0.997,30,0.36,0.38,0.56,0.081,3,8.6,5
9.4,3.26,110,0.9983,50,0.12,0.63,0.77,0.111,5.1,7.5,5
9.3,3.08,17,0.9984,7,0.41,0.4,0.67,0.084,2.2,10.8,6
11.5,3.32,14,0.99502,5,0.29,0.5,0.62,0.086,2.3,7.6,6
9,3.43,38,0.9984,14,0.25,0.52,0.65,0.081,1.9,7.8,6
10.4,3.29,13,0.9976,5,0.17,0.66,0.55,0.077,3,9,5
9.4,3.17,141,0.9968,32,0.55,0.67,0.62,0.117,1.8,8.1,5
9.2,3.17,21,1,6,0.69,0.36,0.62,0.09,2.1,11.4,6
10.5,3.32,20,0.99647,7,0.46,0.47,0.63,0.114,2.2,7.4,5
11.2,3.17,19,0.9955,12,0.43,0.37,0.81,0.063,2.3,8.4,7
10.9,3.53,12,0.9964,3,0,1.33,0.49,0.081,1.7,8.2,5
9.5,3.19,14,0.9994,6,0.42,0.41,0.62,0.213,2.4,10.3,6
9.2,3.1,104,0.9983,28,0.23,0.46,0.56,0.092,2.8,9,5
10.1,3.37,68,0.99586,41,0.21,0.34,0.54,0.075,2.5,7.2,6
10,3.09,18,0.998,5,0.58,0.58,0.63,0.071,1.9,11.9,6
9.6,3.19,14,1.0002,5,0.49,0.5,0.44,0.089,2.2,12.3,5
11,3.46,37,0.99685,10,0.25,0.52,0.5,0.081,2.6,6.9,5
9.5,3.46,65,0.99716,26,0.31,0.36,0.62,0.079,1.7,7.6,6
9.4,3.45,68,0.99694,31,0.28,0.34,0.48,0.082,2,7.1,5
10.5,3.69,25,0.99746,8,0.01,0.61,0.73,0.08,1.9,6.6,5
10.5,3.05,13,0.9976,5,0.49,0.29,0.74,0.059,2.6,10.2,7
10,3.05,37,0.9992,6,0.66,0.58,0.56,0.072,2.5,11.9,5
12.1,3.3,13,0.99658,7,0.41,0.33,0.62,0.073,5.9,8.8,7
9.6,3.26,23,0.9974,8,0.37,0.26,0.7,0.076,1.4,8.3,6
9.5,3.24,81,0.99688,13,0.22,0.715,0.54,0.075,2.3,8,6
10.2,2.87,103,0.9969,10,0.18,0.755,1.36,0.148,2.2,9.2,6
11.7,3.26,20,0.997,6,0.64,0.48,0.66,0.111,2.2,10.6,6
11.5,3.28,44,0.99734,17,0.52,0.32,0.77,0.132,1.8,10.9,6
10.5,3.75,85,0.9938,41,0.04,1.02,0.48,0.045,1.4,5,4
9,3.3,57,0.9978,12,0.38,0.34,0.47,0.08,2.5,8.2,6
9.5,3.13,32,0.9974,9,0.22,0.58,0.55,0.08,1.9,10,5
11.2,3.4,22,0.99438,13,0.23,0.51,0.84,0.072,2,6.9,6
11.8,3.22,17,0.99565,6,0.65,0.29,0.63,0.075,2.4,10.2,6
11.2,3.54,12,0.9958,5,0.1,1.115,0.6,0.086,3.1,7.5,4
10.5,3.32,43,0.9964,21,0.14,0.41,0.57,0.087,3,7.6,6
9,3.06,40,1.0004,15,0.58,0.43,0.49,0.07,1.9,13.3,5
10.1,3.18,58,0.9991,19,0.24,0.56,0.56,0.079,2.2,10,6
8.8,3.16,82,1.00242,48,0.5,0.5,0.75,0.205,13.8,9.9,5
9.8,3.16,60,0.998,17,0.56,0.28,0.58,0.075,1.9,11.2,6
10.3,3.33,160,0.99721,72,0.25,0.29,0.54,0.067,13.4,5.9,6
13.4,3.22,19,0.9988,6,0.67,0.62,0.69,0.086,5.2,11.3,8
11,3.52,32,0.99648,19,0.08,1.04,0.57,0.067,2.3,6.7,4
11,3.27,8,0.99817,3,0.65,0.37,0.58,0.08,6.4,8.6,5
11.6,3.22,13,0.99643,6,0.5,0.38,0.65,0.104,2.4,10.1,7
11,3.27,47,0.99599,11,0.33,0.35,0.81,0.076,2.4,8.2,6
10,3.22,52,0.99834,13,0.4,0.43,0.64,0.092,2.6,10.1,7
8.5,3.15,90,0.99914,27,0.38,0.38,0.65,0.169,1.6,10,5
9.6,3.22,22,0.9976,10,0.04,0.56,0.44,0.082,2,8.4,5
9.1,3.36,41,0.9967,11,0.22,0.725,0.55,0.072,2.2,8.1,5
10.4,3.13,6,0.9969,3,0.49,0.45,0.63,0.075,1.4,12.2,5
10.4,3.53,23,0.99636,10,0.14,0.5,0.61,0.078,1.8,7,5
9.5,3.27,102,0.9964,46,0.21,0.35,0.58,0.073,1.9,7.9,5
10.1,3.3,92,0.9996,37,0.23,0.56,0.65,0.102,3.4,9.6,5
12.3,3.45,33,0.9922,27,0,0.47,0.48,0.055,1.4,6.3,6
9.6,3.26,89,0.99678,33,0.22,0.53,0.46,0.078,2.2,8.1,6
11.8,3.41,43,0.99371,31,0.01,0.715,0.57,0.064,2.1,7.7,6
12.8,3.33,10,0.99356,4,0.4,0.28,0.7,0.052,2.4,8.2,7
11.1,3.23,38,0.99622,17,0.35,0.42,0.66,0.083,2.1,9.6,6
11.4,3.04,43,0.9986,23,0.75,0.29,0.68,0.084,2.8,13.3,7
11.5,3.42,14,0.99488,9,0,0.59,0.55,0.091,2.1,7.1,7
9.3,3.27,19,0.9974,8,0,0.665,0.73,0.09,2.4,7.7,5
11.9,3.28,27,0.99545,19,0.42,0.29,0.73,0.084,1.6,10.8,6
11,3.15,16,0.9972,5,0.53,0.35,0.65,0.07,2.6,10.7,8
10.1,3.42,25,0.9955,11,0.16,0.4,0.74,0.069,1.8,6.1,7
9.9,2.93,136,0.9972,20,0.28,0.49,1.95,0.11,1.9,8.6,6
10.9,3.23,68,0.99708,34,0.45,0.5,0.72,0.119,2.6,10.6,6
9.4,3.51,34,0.9978,11,0,0.7,0.56,0.076,1.9,7.4,5
10.2,3.4,50,0.9972,11,0.3,0.61,0.61,0.084,2.1,8.3,6
9.6,3.18,48,0.9976,12,0.22,0.775,0.51,0.079,2.2,9.1,5
10.4,3.35,15,0.99498,8,0.02,0.65,0.62,0.078,2.1,6.8,6
11.8,3.39,72,0.99543,19,0.38,0.3,0.72,0.06,2.3,8.8,6
10.5,3.35,102,0.9978,17,0.36,0.5,0.8,0.071,6.1,7.5,5
9.3,3.21,153,0.9969,37,0.52,0.785,0.69,0.122,2,8.1,5
9.3,3.5,58,1.0002,19,0,0.59,0.65,0.093,2.5,8.2,6
9.8,3.39,10,0.9967,5,0.06,0.9,0.56,0.079,2.5,7.6,5
10.2,3.29,20,0.9963,6,0.18,0.61,0.6,0.083,2.4,7.7,6
11,3.36,106,0.9966,39,0.49,0.365,0.78,0.088,2.5,7.3,5
11.7,3.38,22,0.99322,8,0.2,0.58,0.49,0.058,1.75,6.9,5
9.2,3.2,98,1.001,33,0.53,0.42,0.95,0.105,3.3,11.6,5
9.3,3.44,42,0.9972,16,0.02,0.73,0.52,0.076,2.5,7.2,5
9,3.43,38,0.9984,14,0.25,0.52,0.65,0.081,1.9,7.8,6
9.6,3.39,31,0.9966,9,0.26,0.49,0.64,0.062,1.9,7.7,5
9.2,3.41,48,0.9981,23,0.26,0.54,0.74,0.088,2,7.8,6
9.6,3.05,49,0.9981,26,0.49,0.46,0.57,0.07,4.5,12.5,4
11.6,3.32,35,0.99314,26,0.15,0.55,0.82,0.077,1.8,6.3,6
10.9,3.29,39,0.99859,18,0.41,0.39,0.81,0.069,8.9,9.5,7
9.8,3.5,92,0.99745,21,0.03,0.52,0.6,0.076,2.6,7.1,5
12.4,3.35,31,0.99328,17,0.44,0.16,0.54,0.068,2.5,7.1,6
9.6,3.34,58,0.998,18,0.2,0.37,0.7,0.09,2.8,8.5,6
10.5,3.36,31,0.99538,13,0.02,0.51,0.54,0.084,1.7,7.5,6
9.9,3.62,52,0.9976,34,0,0.77,0.68,0.066,1.8,6.8,5
9.6,3.28,83,0.9984,28,0.54,0.32,0.82,0.094,2.5,9.7,5
9.5,3.33,35,0.9961,7,0.21,0.38,0.47,0.08,2,7.3,5
10.9,3.14,24,0.99925,6,0.56,0.38,0.71,0.093,2.1,12,6
9.4,3.51,34,0.9978,11,0,0.7,0.56,0.076,1.9,7.4,5
11.1,3.18,37,0.99498,19,0.45,0.33,0.89,0.057,1.5,9.3,7
11.2,3.29,30,0.994,18,0.42,0.19,0.69,0.057,1.6,7.9,6
11.9,3.2,8,0.99642,3,0.66,0.36,0.53,0.123,2.4,11.3,6
10.6,3.39,22,0.99828,10,0.6,0.28,0.68,0.104,3,8.2,5
9.4,3.35,26,0.9994,11,0,0.795,0.83,0.096,2.6,9.1,6
10.7,3.36,37,0.99624,15,0.14,0.46,0.49,0.076,2.8,7.1,5
9.4,3.69,27,0.9987,7,0.04,0.54,0.91,0.077,3,6.9,6
9.3,3.32,134,1.0014,31,0.24,0.725,1.07,0.117,6.6,8.6,5
9.8,3.38,133,0.9979,47,0.49,0.39,0.99,0.099,2.3,8.2,5
9.2,3.34,37,0.99615,14,0.36,0.43,0.56,0.089,1.6,7,6
9.8,3.16,9,0.99458,4,0.21,0.57,0.54,0.069,1.5,7.7,6
10,3.51,28,0.9994,12,0.12,0.705,0.72,0.092,2.6,8.3,5
10.8,3.24,42,0.99526,21,0.44,0.37,0.81,0.038,1.6,9.3,7
9.4,3.35,67,0.99565,12,0.04,0.975,0.6,0.087,2,7,4
9.4,3.39,40,0.9991,16,0.45,0.54,0.62,0.071,2.3,9.9,5
10.1,3.31,59,0.99714,21,0.49,0.29,0.67,0.096,2.2,7.9,6
10.1,3.43,70,0.99588,35,0.23,0.32,0.62,0.066,2.3,7.3,5
9.4,3.27,112,0.9976,16,0.24,0.54,0.61,0.076,3.4,8.3,5
9.7,3.26,85,0.9971,26,0.57,0.31,0.53,0.111,2,8.9,5
9.2,3.19,85,0.99668,34,0.25,0.81,0.42,0.076,3.4,8,5
11.8,3.31,16,0.99614,7,0.4,0.31,0.79,0.109,2.8,8.8,7
11.9,3.5,16,0.9936,5,0,0.96,0.44,0.082,1.8,6.6,6
9.5,3.29,40,0.99803,17,0.1,0.65,0.55,0.089,2.9,8.3,5
9.5,3.17,37,0.9966,10,0.21,0.43,0.91,0.106,1.6,7.9,5
11,3.15,24,0.9978,6,0.47,0.24,0.9,0.066,2.1,10.5,7
12.5,3.28,20,0.99652,6,0.57,0.4,0.57,0.08,4.6,9.1,6
9.6,3.04,10,0.9971,4,0.57,0.42,0.63,0.07,3.4,10.2,5
9.5,3.21,61,0.9982,11,0.41,0.35,0.5,0.083,2.3,9.9,5
12.4,3.27,53,0.995,35,0.36,0.29,1.01,0.048,2.2,8.1,7
9.5,3.04,81,0.9964,27,0.5,0.59,1.61,0.337,2,8.9,6
9.5,3.19,47,0.9964,12,0.19,0.56,0.93,0.104,1.8,7.8,5
10.9,3.33,22,0.99619,9,0,0.765,0.68,0.084,2,7.9,6
9.2,3,66,0.99623,12,0.51,0.78,1.17,0.415,1.7,8.7,5
9.5,3.16,18,1.0004,6,0.63,0.39,0.49,0.091,2.3,12.3,5
10,3.21,49,0.9968,12,0.11,0.46,0.57,0.079,2.6,7.6,5
11.7,3.57,42,0.9946,19,0.24,0.36,0.57,0.095,2.2,6.2,6
10,3.4,19,0.9956,10,0.08,0.78,0.47,0.093,2,7,5
10.5,3.38,47,0.9991,10,0.32,0.4,0.77,0.087,5.6,8.9,7
10.5,3.15,41,0.9994,10,0.49,0.6,0.63,0.085,2.7,11.4,6
10.9,3.33,10,0.99724,6,0.48,0.26,0.87,0.066,1.9,10.4,6
9.8,3.28,60,0.9963,27,0.14,0.58,0.59,0.077,2.2,7.5,5
10.5,3.35,102,0.9978,17,0.36,0.5,0.8,0.071,6.1,7.5,5
9,3.3,35,0.9972,13,0.18,0.545,0.59,0.08,1.9,8.1,6
10.9,3.22,22,0.9974,8,0.34,0.24,0.94,0.062,5.1,8.2,6
10.5,3.39,20,0.99603,8,0.4,0.29,0.6,0.067,1.7,8.4,5
11.6,3.34,35,0.996,11,0.12,0.545,0.61,0.068,2.5,7.8,6
9.3,3.26,102,0.9967,18,0.24,0.73,0.59,0.108,1.9,7.3,5
10,3.33,31,0.9964,17,0.04,0.53,0.56,0.076,1.7,7.8,6
11.4,3.34,60,0.99492,34,0.41,0.31,0.85,0.065,2.4,7.5,6
9.8,3.14,40,0.9976,18,0.49,0.31,0.51,0.063,2.2,10.6,6
9.8,3.24,45,0.99576,10,0.08,0.74,0.5,0.094,1.7,7.3,5
9.5,3.26,122,0.9982,24,0.34,0.52,0.61,0.087,2.7,8.8,5
10.4,3.33,43,0.99822,17,0,0.83,0.6,0.095,2.8,8.6,6
9.5,3.32,98,0.99815,19,0.31,0.46,0.63,0.093,2.8,9,6
10.8,3.29,38,0.9949,20,0.3,0.26,0.47,0.059,1.7,7.7,6
9.8,3.66,37,0.99732,9,0.14,0.46,0.65,0.114,2.4,6.5,5
10.5,2.92,42,0.998,23,0.59,0.5,0.68,0.073,1.4,12,7
11.5,3.12,149,0.9922,23,0.49,0.39,0.5,0.07,1.7,6.6,6
9.7,3.4,54,0.99683,40,0.01,0.58,0.73,0.08,1.9,6.9,5
9.4,3.36,33,0.9992,13,0,0.69,0.45,0.084,3.2,8.7,5
9.4,3.45,83,0.9993,40,0.12,0.605,0.52,0.073,10.7,6.9,6
9.6,3.13,49,0.9972,20,0.45,0.26,0.54,0.06,3.3,10.8,5
13.5666666666667,3.54,89,0.99182,16,0.11,0.47,0.88,0.048,2.2,5.3,7
10.4,3.15,68,0.9995,25,0.55,0.37,0.82,0.083,2.6,12.5,6
10.8,3.41,41,0.99518,21,0,0.57,0.52,0.081,2.8,6.9,5
10.8,3.58,33,0.99736,16,0.1,0.635,0.69,0.08,2.4,7.4,7
10.7,3.42,43,0.9955,27,0.01,0.59,0.58,0.08,2.3,7.1,6
9,3.37,38,0.99675,14,0,0.63,0.58,0.097,1.9,7.2,6
9.4,3.34,20,0.9954,3,0.08,0.39,0.58,0.066,1.7,6.3,5
9.5,3.25,37,0.9969,12,0.52,0.29,0.58,0.113,1.6,8.7,5
9.6,3.38,24,0.99798,12,0,0.73,0.46,0.081,2.5,8.1,4
11.1,3.23,10,0.99552,6,0.37,0.21,0.58,0.067,1.6,9.1,7
9.4,3.47,35,0.9972,14,0,0.71,0.55,0.08,1.9,7.1,5
9.1,3.13,77,0.99747,5,0.27,0.64,0.62,0.095,2,8.2,6
11.1,3.56,24,0.99376,16,0.08,0.61,0.77,0.071,2.1,5.9,6
12.2,3.17,21,0.9992,7,0.53,0.695,0.84,0.128,3.4,11.9,7
12,3.23,11,0.99585,6,0.47,0.35,0.52,0.061,2,10,6
10,3.27,33,0.9983,13,0.47,0.31,0.66,0.062,1.6,9.7,6
9.6,3.26,23,0.9974,8,0.37,0.26,0.7,0.076,1.4,8.3,6
11.5,3.29,11,0.99331,7,0.39,0.305,0.52,0.059,1.2,7.3,6
9.5,3.46,68,0.9992,21,0.44,0.59,0.63,0.071,2.3,9.5,5
9.5,3.38,86,0.9987,26,0.34,0.43,0.62,0.08,2.5,9,6
10.5,3.37,63,0.99615,29,0.25,0.43,0.58,0.073,2.6,7.7,6
10.7,3.29,14,0.9987,5,0.34,0.5,0.52,0.082,3.6,9.4,6
9.7,3.16,21,1.0002,6,0.62,0.27,0.67,0.082,2.6,13.4,6
9.4,3.16,27,0.99596,19,0.12,0.39,0.49,0.097,1.7,7.7,5
10.8,3.29,24,0.9951,15,0.07,0.53,0.66,0.071,1.7,7.1,6
11.9,3.18,41,0.99638,10,0.46,0.44,0.69,0.091,2.2,9.9,6
9.5,3.44,34,0.9976,11,0,0.71,0.53,0.08,2.6,8,5
12,3.29,24,0.99745,11,0.58,0.44,0.99,0.092,4.1,10.2,7
9.6,3.39,32,0.99668,7,0.01,0.72,0.54,0.076,1.9,7.9,5
11.7,3.35,12,0.99516,6,0.39,0.42,0.69,0.068,1.8,8.6,8
10.5,3.36,34,0.99788,7,0.3,0.43,0.61,0.079,3.4,8.3,5
9.6,3.25,35,0.99738,5,0.26,0.655,0.42,0.096,2,9.3,5
9.4,3.37,28,0.997,7,0.12,0.56,0.5,0.082,2,7.8,6
10.2,3.42,30,0.9959,12,0.1,0.49,0.58,0.074,2.3,6.9,6
9.5,3.19,42,0.9969,10,0.14,0.61,0.59,0.067,2.4,8.8,5
13,3.18,77,1.0018,23,0.79,0.53,0.77,0.12,4.8,13.5,5
9.3,3.08,17,0.9984,7,0.41,0.4,0.67,0.084,2.2,10.8,6
9.6,3.39,19,0.9966,10,0.03,0.835,0.47,0.092,2.1,7.3,5
10.5,3.42,128,0.9973,28,0.42,0.43,0.71,0.071,5.5,7.1,5
10.9,3.4,37,0.99514,24,0.01,0.6,0.61,0.079,2.3,7.1,6
10.9,3.21,56,0.9962,14,0.04,0.55,0.6,0.119,2.2,8.8,6
11.8,3.21,14,0.99702,6,0.45,0.41,0.49,0.071,6.2,10,7
9.4,3.3,68,0.99782,16,0.4,0.33,0.48,0.083,2.6,8.6,5
9.3,3.12,25,0.9998,6,0.48,0.53,0.59,0.063,2.5,10.3,6
11.2,3.12,29,0.99674,17,0.37,0.4,0.65,0.081,1.9,10.7,6
11.9,3.41,21,0.99552,10,0.45,0.12,0.76,0.075,1.8,8.9,7
10.8,3.18,30,0.9996,12,0.66,0.39,0.63,0.093,3,12,7
10.1,3.4,69,0.99556,24,0.21,0.36,0.53,0.086,2.4,7,6
12.1,3.55,26,0.99306,12,0.1,0.6,0.51,0.048,1.6,6.3,5
9.9,3.37,49,0.99625,12,0.06,0.38,0.52,0.078,1.8,8,6
11.9,3.25,165,0.9912,40.5,0.4,0.21,0.59,0.066,1.4,6.1,6
12.7,3.61,58,0.995,27,0.03,0.865,0.49,0.071,3.2,6.4,6
9.7,3.34,12,0.99672,6,0,0.755,0.49,0.084,1.9,7.5,4
9.5,3.19,96,0.9961,14,0.48,0.63,0.62,0.1,1.7,7.8,5
9.5,3.53,88,0.99745,18,0.04,0.6,0.55,0.076,2.5,7.2,5
9.2,3.03,45,0.99702,16,0.59,0.46,1.34,0.414,1.4,8.5,5
9.4,3.32,23,0.99694,16,0.26,0.685,0.47,0.088,1.6,8.8,5
9.6,3.42,39,0.9968,11,0.11,0.52,0.58,0.079,1.5,7.5,5
9.6,3.68,33,0.99845,8,0.06,0.67,0.71,0.08,2.1,6.9,5
8.4,3.16,16,0.9994,5,0.49,0.61,0.63,0.2,2.1,10.4,3
10.6,3.39,34,0.9948,18,0.24,0.46,0.6,0.077,1.7,6.7,6
10,3.3,54,0.99728,31,0.32,0.48,0.65,0.062,2.1,7.3,7
10.8,3.56,12,0.99551,6,0,0.885,0.51,0.166,2.3,6.4,5
9.2,3.17,148,0.9986,51,0.19,0.62,0.93,0.17,3.9,8.9,5
10.7,3.37,13,0.9972,5,0.24,0.825,0.77,0.084,2.1,8.1,6
10.7,3.63,14,0.9966,5,0,1.185,0.54,0.097,4.25,7.4,3
9.8,3.33,58,0.998,32,0.31,0.46,0.54,0.078,2.25,8.5,5
10.5,3.33,65,0.99294,17,0.15,0.56,0.6,0.078,1.8,6.4,6
12.4,3.28,25,0.9936,16,0.34,0.48,0.66,0.073,2.2,8,6
10.9,3.15,77,0.9951,19,0.26,0.26,0.79,0.052,2,7.7,6
9.1,3.09,32,0.99656,14,0.68,0.48,1.06,0.415,1.7,7.8,6
12.2,3.2,46,0.9943,29,0.43,0.4,0.6,0.068,2.4,9,6
11,3.39,42,0.99549,18,0.47,0.31,0.66,0.067,3.6,6,6
11.6,3.35,53,0.99374,37,0.02,0.58,0.76,0.062,2,6.6,7
12.7,2.89,109,0.99007,36,0.37,0.18,0.44,0.049,0.9,8,6
9.8,3.48,93,0.9998,12,0.24,0.92,0.54,0.087,2.6,9.2,5
10.9,3.18,55,0.99722,26,0.36,0.5,0.68,0.116,2.8,9.6,5
9.8,3.25,31,0.99656,10,0,0.87,0.5,0.084,2.2,8.1,5
9.6,3.2,15,0.9994,3,0.59,0.32,0.78,0.077,2.2,10,5
11.5,3.45,16,0.99508,7,0.03,0.74,0.63,0.054,2.3,6.9,6
10.2,3.2,27,0.9967,7,0.22,0.53,0.56,0.1,2,8.6,6
9.6,3.3,38,0.99553,18,0.08,0.47,0.65,0.064,2.2,6.8,6
10.5,3.38,54,0.99754,41,0.4,0.4,0.86,0.068,2.5,10.2,6
11.9,3.13,10,0.99604,6,0.41,0.38,0.58,0.103,2.4,9,7
9.6,3.26,15,0.99508,8,0.04,0.725,0.53,0.076,1.5,7.5,5
9.5,3.23,86,0.9959,8,0.42,0.775,0.59,0.092,1.9,7.7,5
10.0333333333333,3.07,28,0.99704,6,0.4,0.475,0.65,0.091,1.4,11.6,6
11.3,3.47,36,0.99519,25,0.12,0.57,0.71,0.12,2.3,6.4,7
10.9,3.41,11,0.9962,4,0.05,0.725,0.39,0.086,4.65,7.2,5
9.7,2.88,24,0.99578,8,0.11,0.69,0.47,0.084,1.4,10,5
9.8,3.15,66,0.99726,34,0.38,0.45,0.58,0.081,2.5,9.8,5
9.3,3.2,73,0.9963,11,0.17,0.6,0.45,0.072,2.3,8.2,5
9.4,3.21,27,0.9974,11,0.42,0.26,0.8,0.08,2,8.3,6
9.5,3.4,75,0.9968,33,0.26,0.35,0.58,0.083,1.8,7.2,6
11.5,3.28,13,0.998,5,0.5,0.44,0.83,0.107,4.5,10.3,5
12,3.35,25,0.99388,14,0.27,0.49,0.63,0.071,2.1,7.4,6
12,3.23,24,0.99549,12,0.4,0.35,0.7,0.11,3.6,8.9,7
11.3,3.21,41,0.99939,19,0.54,0.41,0.76,0.103,2.8,12.6,6
11.3,3.38,21,0.99572,15,0.07,0.69,0.6,0.091,2.5,7,6
11.2,2.95,43,1.0032,6,0.76,0.685,0.68,0.1,3.7,15.6,7
11.2,3.26,22,0.9998,5,0.63,0.33,0.74,0.084,2.8,10.4,7
10.8,3.1,35,0.9994,17,0.69,0.39,0.61,0.095,2.8,11.9,6
9.7,3.53,86,0.99743,16,0.03,0.66,0.57,0.078,2.3,7.2,5
9.9,3.47,124,0.9994,68,0.02,0.735,0.53,0.122,7.9,6.6,5
9.4,3.28,92,0.9963,9,0.35,0.685,0.62,0.088,2,7.1,5
9.2,3.17,20,0.9965,9,0.02,0.68,1.08,0.072,1.3,7.6,4
11.5,3.45,16,0.99508,7,0.03,0.74,0.63,0.054,2.3,6.9,6
12.8,3.36,8,0.9928,4,0.32,0.36,0.55,0.067,1.8,6.8,7
10.5,3.15,13,0.99659,5,0.42,0.38,0.75,0.071,1.9,9.6,6
12.8,3.36,8,0.9928,4,0.32,0.36,0.55,0.067,1.8,6.8,7
9.6,3.32,20,0.9973,5,0.07,0.52,0.81,0.074,1.4,7.2,6
11.3,3.38,21,0.99572,15,0.07,0.69,0.6,0.091,2.5,7,6
12.2,3.33,8,0.99674,4,0.44,0.46,0.62,0.065,2.9,10,6
10.2,3.46,22,0.99669,7,0.09,0.56,0.61,0.079,2.9,6.7,5
11.4,3.36,12,0.99605,5,0.57,0.38,0.55,0.106,2.3,7.5,6
9.4,3.29,47,0.99632,21,0,0.715,0.45,0.071,2.35,7.1,5
12.2,3.45,18,0.99191,11,0,0.6,0.56,0.063,1.4,5.7,6
12.4,3.62,28,0.99362,14,0.13,0.395,0.67,0.056,2.4,5.9,6
11.4,3.2,52,0.997,25,0.42,0.54,0.71,0.081,2.4,9.6,6
12.6,3.23,13,0.9976,5,0.45,0.32,0.82,0.073,6.4,10.3,8
12.1,3.41,60,0.9971,23,0.37,0.23,0.71,0.046,1.8,7.7,6
10.5,3.36,31,0.99538,13,0.02,0.51,0.54,0.084,1.7,7.5,6
9,3.1,35,1.0006,12,0.52,0.46,0.56,0.071,2.2,13.2,6
11,3.42,40,0.99574,29,0.13,0.51,0.75,0.076,2.3,6.3,6
9.9,3.03,25,0.9997,6,0.65,0.6,0.57,0.063,2.3,12.7,5
12.8,3.41,49,0.99374,13,0.28,0.57,0.6,0.048,2.1,6.3,5
10.1,3.29,91,0.9979,22,0.32,0.69,0.62,0.088,2.5,9.7,5
12.5,3.78,28,0.99444,15,0,0.645,0.61,0.08,2.15,5.2,6
9.8,3.11,29,0.9997,12,0.54,0.28,1.36,0.082,2.3,12.5,7
10,3.17,17,0.9976,6,0.39,0.67,0.47,0.054,1.9,10.2,5
9.8,3.25,31,0.99656,10,0,0.87,0.5,0.084,2.2,8.1,5
11.0666666666667,3.32,92,0.99566,31,0.02,0.67,0.68,0.072,2.2,7.3,6
10.8,3.3,29,0.99588,16,0.63,0.3,0.78,0.081,1.6,8,6
10.2,3.44,27,0.99665,14,0.08,0.7,0.58,0.106,2.6,6.6,5
9.4,3.13,67,0.9974,22,0.7,0.43,1.28,0.464,1.9,7.8,5
11.4,3.35,19,0.99546,8,0.42,0.34,0.6,0.086,2,7.9,6
13.1,3.9,65,0.9934,8,0.15,0.52,0.56,0.054,2.1,4.6,4
9.9,3.21,131,0.99622,31,0.26,0.6,0.52,0.08,2,7.8,5
9.9,3.27,133,0.9956,32,0.21,0.64,0.45,0.077,2.2,7.7,5
11.3,3.06,27,0.9988,7,0.65,0.4,0.68,0.068,2.15,11.9,6
11.9,3.33,39,0.99346,6,0.3,0.43,0.46,0.085,2,7,6
11.2,3.18,28,0.99516,14,0.27,0.47,0.8,0.055,2.3,8.6,5
11.9,3.25,14,1.001,5,0.49,0.6,0.74,0.1,4.3,12.5,6
9.5,3.15,151,0.998,32,0.34,1.24,0.53,0.079,2,9.8,5
11.3,3.37,15,0.997,5,0.23,0.78,0.56,0.059,2.6,8.1,5
10.1,3.38,45,0.99824,26,0.31,0.41,0.64,0.084,8.8,6.8,6
11.1,2.92,23,1.00315,10,0.49,0.645,0.74,0.095,4.2,15.5,5
12.7,3.46,45,0.99417,34,0.09,0.57,0.74,0.065,2.3,7.8,8
11.4,3.51,31,0.9948,12,0.06,1.09,0.43,0.061,2.1,6.9,4
10,3.22,37,0.9985,16,0.44,0.32,0.78,0.063,1.6,10.8,6
10.8,3.27,17,0.99704,6,0.36,0.5,0.77,0.084,1.8,9.3,6
10.8,3.41,18,0.9962,11,0.06,0.59,0.59,0.06,6,6.8,7
10.5,3.45,44,0.9949,32,0.08,0.6,0.58,0.09,2,6.2,5
12.9,3.56,86,0.99264,14,0,0.585,0.94,0.044,1.7,5.1,7
9.4,3.69,27,0.9987,7,0.04,0.54,0.91,0.077,3,6.9,6
10,3.11,31,0.9946,7,0.2,0.885,0.46,0.086,1.4,8.2,5
9.5,3.53,88,0.99745,18,0.04,0.6,0.55,0.076,2.5,7.2,5
12.6,3.41,36,0.99364,14,0.32,0.31,0.56,0.066,1.9,7.9,6
11.2,3.37,18,0.99684,10,0.07,0.48,0.68,0.089,5.5,7.2,7
10.6,3.32,46,0.9967,26,0.48,0.28,1.04,0.067,1.8,9.1,6
10.3,3.07,20,0.9992,8,0.49,0.39,0.82,0.08,2.5,12.6,6
9.9,3.14,8,0.9981,3,0.57,0.23,0.7,0.074,1.8,11.6,6
10.6,3.42,54,0.99572,22,0.43,0.41,1.16,0.076,2.8,6.7,6
10.9,3.21,23,0.99974,7,0.63,0.45,0.69,0.073,2.2,11.7,6
9.5,3.13,101,1.0001,21,0.54,0.39,0.51,0.095,2.7,11.1,5
9.8,3.17,41,1.001,10,0.66,0.38,0.68,0.088,2.6,12.6,6
9.9,3.24,53,0.9998,29,0.24,0.64,0.67,0.105,2.8,10.4,5
11.1,3.41,29,0.99524,15,0.09,0.68,0.52,0.068,3.9,6.8,4
9.5,3.46,11,0.997,4,0.02,0.57,0.68,0.067,1.8,6.4,5
11.9,3.2,8,0.99642,3,0.66,0.36,0.53,0.123,2.4,11.3,6
11.7,3.38,64,0.9935,24,0.2,0.44,0.57,0.049,1.6,7.3,6
9.9,3.5,39,0.9977,12,0.16,0.68,0.7,0.078,1.8,7.4,6
10.1,3.38,80,0.9958,12,0.12,0.75,0.52,0.086,2,6.7,5
9.2,3.16,50,1.0015,13,0.2,0.49,0.69,0.071,11,10,6
9.1,3.13,77,0.99747,5,0.27,0.64,0.62,0.095,2,8.2,6
11,3.39,72,0.99645,26,0.29,0.36,0.68,0.087,2.6,7.4,5
9.9,3.38,51,0.99836,36,0.44,0.47,0.86,0.147,1.6,11.6,4
12.5,3.16,26,0.9968,10,0.63,0.49,0.78,0.072,2.9,10.2,7
9.4,3.09,33,0.9974,6,0.24,0.63,0.57,0.077,2.4,9.9,5
10.8,3.44,11,0.99448,4,0.1,0.57,0.76,0.048,2.1,6.2,6
9.9,3.02,41,0.99735,22,0.54,0.41,0.76,0.095,1.5,11.6,7
10,3.43,16,0.99586,7,0,1,0.46,0.102,3,7.2,5
9.56666666666667,3.16,98,0.99713,19,0.19,0.785,0.52,0.094,5.2,7.4,6
9.3,3,62,0.9971,5,0.37,0.635,1.09,0.263,1.7,8.9,5
10.4,3.24,25,0.99628,7,0.32,0.42,0.44,0.067,2.7,7.5,5
9.5,3.22,64,0.99588,15,0.12,0.745,0.59,0.114,1.8,7,6
10.4,3.37,54,0.9956,28,0.2,0.46,0.64,0.077,1.9,7.1,6
9.3,3.22,99,1.00289,23,0.34,0.9,0.68,0.112,6.6,10.7,5
10.1,3.36,25,0.9966,11,0.46,0.31,0.76,0.059,1.4,8.7,6
11,3.06,53,0.9993,16,0.24,0.66,0.72,0.085,2.5,11.2,6
9.3,3.34,38,0.9955,13,0.11,0.52,0.52,0.073,1.8,6.5,5
10.4,3.12,69,0.9994,27,0.49,0.35,0.75,0.079,2.6,12.4,6
9.8,3.03,28,0.9982,14,0.51,0.31,0.93,0.079,2.2,11.5,6
10.1,3.26,88,0.99796,12,0.34,0.66,0.66,0.094,2.6,9.7,5
12.7,3.56,39,0.9956,15,0.19,0.36,0.52,0.075,3.2,6.3,6
12.6,3.27,28,0.99486,12,0.4,0.38,0.75,0.068,2.2,8.9,7
10.8,3.35,17,0.99655,9,0.09,0.725,0.49,0.117,5.5,6.6,6
10.7,3.36,61,0.9965,27,0.06,0.545,0.67,0.087,4,7.9,6
10.2,2.94,60,0.99709,7,0.26,0.54,0.98,0.111,2,9.9,5
9.4,3.04,18,0.9986,6,0.59,0.36,1.05,0.152,2.2,10.6,5
12.3,3.27,9,0.99506,3,0.42,0.32,0.55,0.098,2.3,8.2,6
12.2,3.27,10,0.99639,3,0.46,0.395,0.64,0.094,4.6,9.4,7
10.4,3.3,74,0.99865,30,0.12,0.77,0.64,0.082,2.9,9.6,6
10.2,3.46,58,0.9997,21,0,0.69,0.72,0.124,5.6,6.8,5
11.8,3.33,88,0.99524,45,0.51,0.18,0.76,0.071,1.75,8.5,7
11.7,3.27,19,0.9986,6,0.53,0.4,0.82,0.097,6.7,9.9,7
9.9,3.3,105,0.99613,25,0.22,0.6,0.49,0.08,2.1,8,5
11.3,3.51,54,0.99586,32,0.01,0.68,0.66,0.103,3.7,6.3,6
10.4,3.49,51,0.99634,27,0.17,0.43,0.64,0.082,1.8,7.1,5
9.8,3.26,54,0.997,15,0.04,0.76,0.65,0.092,2.3,7.8,5
13.3,3.11,24,0.9988,6,0.66,0.625,0.99,0.088,6.2,11.4,6
9.4,3.25,152,0.998,35,0.32,0.98,0.48,0.078,2.3,9.8,5
11.1,2.92,23,1.00315,10,0.49,0.645,0.74,0.095,4.2,15.6,5
10.5,3.69,25,0.99746,8,0.01,0.61,0.73,0.08,1.9,6.6,5
9.9,3.25,10,0.9972,5,0.68,0.27,1.08,0.358,3.5,7.7,7
10.9,3.2,50,0.99478,25,0.4,0.39,0.83,0.044,1.3,9,6
12.1,3.21,10,0.99586,3,0.53,0.48,0.59,0.101,4,8.9,7
9.6,3.2,15,0.9994,3,0.59,0.32,0.78,0.077,2.2,10,5
11.9,3.36,26,0.9947,9,0.33,0.35,0.6,0.068,2.4,7.4,6
9.2,3.16,145,0.9986,52,0.18,0.62,0.88,0.176,3.8,8.9,5
9.3,3.31,151,1.001,34,0.49,0.655,1.14,0.122,6.1,8.5,5
11,3.27,47,0.99599,11,0.33,0.35,0.81,0.076,2.4,8.2,6
12.5,3.17,26,0.99531,7,0.54,0.27,0.53,0.065,2.3,10.1,6
10.9,3.5,9,0.99476,5,0,1.58,0.4,0.137,2.1,7.6,3
11.2,3.45,24,0.99428,14,0.43,0.39,0.87,0.071,2,6.2,7
9.5,3.4,66,0.99718,19,0.29,0.43,0.64,0.075,2.1,7.6,5
11.8,3.38,51,0.99456,26,0.32,0.37,0.72,0.066,1.8,8.5,6
12.2,3.71,74,0.9953,23,0.26,0.49,0.62,0.09,2.3,5.2,6
9.4,3.37,121,0.9981,35,0.26,0.59,0.49,0.07,7.2,7.3,5
14,3.32,18,0.9947,7,0.45,0.46,0.79,0.065,2.6,8.8,6
9.8,3.15,111,0.9964,14,0.1,0.6,0.66,0.085,2.2,8.4,5
11.4,3.22,13,0.99774,6,0.45,0.52,0.76,0.08,2,10.4,6
12.5,3.27,10,0.99386,4,0.39,0.25,0.71,0.041,2,8.4,7
10.4,3.36,31,0.99545,14,0.03,0.64,0.58,0.075,2.3,6.8,6
9.6,3.3,47,0.9991,14,0.49,0.59,0.56,0.07,2.1,10.5,4
11.8,3.39,72,0.99543,19,0.38,0.3,0.72,0.06,2.3,8.8,6
10,3.19,49,0.9982,16,0.31,0.38,0.7,0.096,2.5,9.6,7
11.1,3.33,39,0.99692,21,0.21,0.5,0.83,0.088,2.2,8.9,6
9.4,3.31,38,0.99735,10,0.2,0.715,0.64,0.076,2.4,8.4,5
10.1,3.06,84,0.9985,21,0.43,1.025,0.57,0.08,2.8,10.6,5
9.4,3.24,145,0.9978,31,0.27,0.885,0.53,0.084,2.3,9.5,5
9,3.37,38,0.99675,14,0,0.63,0.58,0.097,1.9,7.2,6
10.7,3.52,12,0.99605,6,0.44,0.34,0.63,0.079,1.7,8.5,5
12.6,3.43,16,0.99334,8,0.08,0.7,0.52,0.067,3.75,6.7,5
11.8,3.26,20,0.99474,12,0.4,0.52,0.64,0.06,2.2,7.5,6
11,3.18,49,0.9988,13,0.59,0.59,0.65,0.087,2.6,11.5,6
10.6,3.52,17,0.99496,9,0.05,0.64,0.78,0.066,1.9,6,5
10,3.38,31,0.99635,22,0,0.71,0.58,0.092,1.6,7.5,6
10.8,3.21,22,0.9976,6,0.42,0.24,1.05,0.077,1.8,10.5,7
12.3,3.78,55,0.99471,23,0.27,0.42,0.64,0.092,2,5.4,7
9.5,3.46,45,0.9976,17,0,0.66,0.54,0.086,3.9,7.1,5
10.2,3.21,21,0.99551,12,0.43,0.45,0.75,0.076,1.4,8.8,6
9.1,2.9,64,0.99652,18,0.68,0.76,1.33,0.414,1.7,9.1,6
10.2,3.25,28,0.99613,10,0.24,0.44,0.53,0.063,2.3,8.2,6
9.7,3.43,37,0.9979,11,0.07,0.63,0.76,0.09,2.4,7.4,6
9.5,3.3,111,0.9982,18,0.49,0.44,0.6,0.083,2.8,8.8,5
10.8,3.38,13,0.99639,7,0,0.6,0.56,0.055,2.6,7.7,5
9.1,3.12,10,0.99554,4,0.34,0.84,0.48,0.05,1.4,8.9,6
9.1,3.36,15,0.9988,5,0.29,0.6,0.49,0.098,2.2,8.8,5
11,3.5,31,0.9968,14,0.09,0.53,0.67,0.123,3.9,6.4,4
11.5,3.14,9,0.9948,3,0.39,0.3,0.57,0.062,1.7,9.8,7
11,3.32,14,0.9967,5,0.01,0.845,0.58,0.07,2.2,8.3,4
9,3.32,37,0.99685,7,0.09,1,0.55,0.065,2.3,8.2,6
10.7,3.43,46,0.9985,12,0.39,0.5,0.62,0.082,2.6,8,6
10.1,3.22,65,0.99935,17,0.58,0.37,0.78,0.071,4,10.9,5
9.4,3.44,72,0.997,35,0.3,0.41,0.52,0.083,2.1,7.2,5
10.1,3.36,28,0.99531,16,0.33,0.63,0.64,0.059,1.8,6.5,6
10.2,3.14,28,0.9988,5,0.24,0.68,0.6,0.087,2.2,9.6,5
9.8,3.16,19,0.995,3,0.01,0.53,0.46,0.077,1.6,7.8,5
10,3.34,35,0.99575,10,0.03,0.52,0.57,0.07,1.7,8,5
9,3.32,15,0.9991,5,0.24,0.7,0.6,0.226,2.5,8.7,6
9.2,3.15,23,0.9971,4,0.26,0.66,0.74,0.074,1.7,8.8,5
14,3.7,60,0.99084,26,0.01,0.38,0.75,0.048,1.6,5,6
9.5,3.21,139,0.99788,28,0.24,0.53,0.57,0.078,2.6,9.2,5
9.9,3.29,28,0.99609,10,0.15,0.45,0.51,0.078,2,7.2,6
9.2,3.37,39,0.99675,15,0,0.645,0.58,0.097,1.9,7.2,6
9.9,3.26,100,0.99586,13,0.26,0.56,0.52,0.083,2,7.2,5
9.4,3.34,48,0.9976,10,0.36,0.43,0.46,0.075,2.3,8,5
9.5,3.34,12,0.99587,7,0.03,0.655,0.39,0.078,1.8,7.2,5
9.1,3.36,8,0.9972,4,0.03,0.885,0.33,0.058,1.8,7.9,4
9.6,3.4,18,0.9986,5,0,0.645,0.55,0.086,5.5,7.8,6
12,3.2,18,0.9962,6,0.53,0.27,1.13,0.074,2.4,9.4,7
9.7,3.32,46,0.9988,22,0.44,0.31,0.67,0.08,2.3,10.1,6
9.8,3.17,12,0.9942,5,0.06,0.62,0.48,0.07,1.3,7.1,5
9.5,3.34,86,0.99764,16,0.24,0.51,0.64,0.079,2,8.2,6
9.8,3.55,85,0.99746,20,0.01,0.59,0.59,0.077,2.5,7.1,5
9.7,3.41,53,0.9958,34,0.1,0.59,0.67,0.063,1.7,6.8,5
9.8,3.58,32,0.99689,12,0.21,0.63,0.66,0.08,1.6,6.4,5
10.4,3.37,31,0.99589,17,0.02,0.54,0.51,0.085,1.7,7.6,6
11.4,3.52,13,0.99472,5,0.01,0.59,0.56,0.056,2.1,6.1,5
11.3,3.44,33,0.99538,15,0,0.64,0.63,0.123,2.7,6.8,6
9.5,3.31,44,0.99888,11,0.11,0.68,0.55,0.093,2.8,9.1,6
11.7,3.34,38,0.9963,17,0.01,0.65,0.74,0.078,2.5,7.9,7
9.5,3.33,105,0.9962,15,0.19,0.56,0.54,0.081,2.1,7.8,5
9.5,3.23,52,0.9968,10,0.15,0.715,0.77,0.089,1.8,8.3,5
9.4,3.26,17,0.99659,7,0,0.55,0.64,0.07,1.7,7.8,6
9.3,3.59,86,0.9968,18,0.18,0.6,0.57,0.079,1.9,6.8,6
9.5,3.02,43,0.9978,19,0.49,0.42,0.61,0.073,4.6,12.4,5
10.1,3.11,27,0.9981,12,0.6,0.3,0.97,0.067,2,11.5,6
10.3,3.31,58,0.9974,29,0.32,0.43,0.64,0.08,2.8,7.8,5
12.7,3.3,47,1.0021,6,0.49,0.47,0.68,0.085,4.3,13,6
9.4,3.33,36,0.996,5,0.24,0.49,0.48,0.07,2.2,7.2,5
10.1,3.4,20,0.9972,6,0.05,0.67,0.63,0.107,3.6,7.3,5
9.7,3.26,147,0.99636,23,0.26,0.54,0.59,0.089,1.9,7.7,5
10.2,3.52,28,0.9966,13,0.12,0.6,0.62,0.083,2.2,7,7
11.5,3.44,14,0.9994,4,0.13,0.875,0.52,0.088,3.45,8.9,5
10.8,3.1,35,0.9994,17,0.69,0.39,0.61,0.095,2.8,11.9,6
12.4,3.11,36,0.99392,23,0.42,0.34,0.78,0.072,2.1,8.4,6
9.9,3.28,104,0.99584,17,0.26,0.59,0.52,0.08,2,7.3,5
10,3.42,33,0.9982,15,0.49,0.25,0.9,0.088,2.7,9.8,6
10.8,3.36,35,0.99557,11,0.02,0.57,0.62,0.077,2.6,7.5,6
9.5,3.17,37,0.9966,10,0.21,0.43,0.91,0.106,1.6,7.9,5
9.9,3.47,34,0.9972,16,0,0.6,0.7,0.074,1.8,7.1,6
10.2,3.26,62,0.9958,38,0.3,0.67,0.56,0.06,2,8,6
9.5,3.26,22,0.9963,11,0.1,0.965,0.5,0.112,2.1,7.7,5
9.5,3.45,28,0.9983,10,0.24,0.55,0.78,0.078,2,7.5,6
9.4,3.15,77,0.99922,18,0.23,0.46,0.51,0.091,2.6,9.2,5
10.8,3.01,47,1.0014,6,0.63,0.41,0.81,0.089,3.8,14,6
9.8,3.2,67,0.9968,25,0,0.88,0.68,0.098,2.6,7.8,5
12.8,3.33,10,0.99356,4,0.4,0.28,0.7,0.052,2.4,8.2,7
10.4,3.1,35,0.9997,13,0.63,0.84,0.6,0.088,2.4,12.8,6
10,3.22,69,0.99787,30,0.19,0.61,0.5,0.094,4,8.8,6
10.4,3.17,19,0.9957,12,0.31,0.32,0.55,0.088,2,8.9,6
11.2,3.5,44,0.99385,25,0,0.46,0.53,0.077,1.9,5.9,5
9.8,3.59,31,0.99689,14,0.21,0.64,0.66,0.081,1.8,6.4,5
12.1,3.44,91,0.9952,28,0.23,0.39,0.55,0.051,8.3,6.5,6
9.8,3.2,30,0.9967,5,0.18,0.585,0.48,0.078,2.1,8.5,6
10.1,3.36,28,0.99464,4,0.25,0.34,0.44,0.084,1.8,6.1,5
10.9,3.08,27,0.9999,5,0.49,0.56,0.87,0.064,2.4,12.5,5
10.5,3.54,42,0.9986,9,0.64,0.41,0.66,0.093,2.2,8.8,5
9,3.18,95,1.00369,55,0.37,0.54,0.77,0.214,15.4,10.2,6
12.5,3.46,70,0.99352,16,0.23,0.58,0.65,0.044,2.5,6.1,6
9.6,3.23,130,0.99818,25,0.17,0.64,0.54,0.084,2.9,8.8,5
10.55,3.3,89,0.99236,38,0.06,0.54,0.5,0.05,1.8,6,6
10,3.43,54,0.9975,17,0.18,0.59,0.59,0.076,2.3,7.8,5
9.5,3.55,72,0.998,16,0.34,0.45,0.6,0.082,2.7,7,5
11,3.34,48,0.99554,24,0.4,0.34,0.86,0.065,2.4,8.3,6
9.2,3.16,50,1.0015,13,0.2,0.49,0.69,0.071,11,10,6
11.7,3.48,11,0.9944,3,0,0.44,0.85,0.042,1.6,5.9,6
9.2,3.34,89,0.9959,22,0.08,0.69,0.54,0.097,1.8,7,6
9.2,3.25,66,0.9974,21,0.35,0.55,0.56,0.074,2.2,7.8,5
10.9,3.02,10,0.99572,3,0.53,0.31,0.83,0.06,2.2,11.1,7
11.4,3.48,35,0.99533,30,0,0.715,0.65,0.068,2.1,7.6,6
10.3,3.37,57,0.9969,14,0.03,0.645,0.46,0.086,1.9,7.6,5
12.1,3.24,34,0.99736,9,0.47,0.42,0.77,0.085,2.65,11.1,7
9.9,3.61,23,0.9983,6,0,0.66,0.96,0.084,2,7.3,6
10,3.44,35,0.9968,18,0.03,0.56,0.63,0.084,1.7,6.8,6
10.6,3.12,47,0.9986,16,0.49,0.31,1.02,0.094,2.7,11.1,7
11.5,3.51,52,0.99379,26,0,0.76,0.6,0.072,2.9,6.3,6
12.9,3.34,70,0.99418,51,0.32,0.52,0.82,0.07,2.1,7.3,6
9,3.18,95,1.00369,55,0.37,0.54,0.77,0.214,15.4,10.2,6
