"Id","Energ_Kcal"
1,141.515127080187
2,430.152489084889
3,140.876771157174
4,309.283787635952
5,297.667779107264
6,65.9726000953585
7,218.168560576086
8,126.784435442014
9,86.3190872788941
10,120.047574243225
11,383.211423271091
12,93.1937809616616
13,117.014995879666
14,3.30569484275476
15,217.520426897536
16,230.040371409591
17,312.904186650946
18,355.655072440528
19,278.337565557964
20,18.2862717908241
21,167.307144386706
22,26.8881716198561
23,65.4592881937426
24,890.911572695272
25,495.56140180482
26,199.346442415335
27,19.3866311987247
28,211.22283465352
29,428.917425445517
30,108.620557929758
31,433.697795565483
32,194.366323133115
33,435.939169281926
34,149.086747155817
35,106.537677076407
36,309.287370584137
37,38.1860856479974
38,523.702412562695
39,340.070884091653
40,126.971802327809
41,1.94646261175949
42,115.093453543106
43,236.485658531228
44,66.2848591849929
45,31.9361844551553
46,39.2462956932005
47,447.834068953126
48,129.321171472426
49,49.379659926094
50,371.140412409068
51,62.993124571586
52,163.611987934139
53,99.6811889934751
54,21.5043401334852
55,349.129703213772
56,36.1345115832599
57,243.299662235514
58,233.898245179701
59,37.8803356020309
60,325.470772875992
61,256.450566052373
62,56.70670158593
63,434.697437881751
64,350.36723309378
65,121.524483326498
66,218.763747189474
67,225.89776648137
68,125.21674033268
69,88.4986392547796
70,379.962868118037
71,469.764675461286
72,189.64271975677
73,185.573362179531
74,329.368056475243
75,328.989677955606
76,85.9312606501522
77,463.508294177559
78,385.62146003788
79,67.404203258
80,253.721613845802
81,494.560357176631
82,120.061957172258
83,183.095906216893
84,135.168823585311
85,458.463072236954
86,216.45685277037
87,160.147504482176
88,359.91071020368
89,186.307040903826
90,127.727845999352
91,558.994741097403
92,133.768518368981
93,268.905533873489
94,79.5746917467773
95,41.8530395245013
96,81.9478587184744
97,66.5695705017513
98,164.162480880948
99,379.353570778435
100,126.714782486576
101,331.473689149604
102,251.034647316736
103,17.2825094645426
104,107.306696045485
105,338.183642743158
106,107.46895731634
107,37.0921242330165
108,445.087391654281
109,138.622831342937
110,378.526474060714
111,133.565628431832
112,102.67910178719
113,193.774761357889
114,345.930896909182
115,3.43133427247213
116,117.562017399453
117,155.779591573907
118,193.562392717842
119,86.9010946909824
120,43.5395345777619
121,67.2184068847839
122,177.362529532795
123,345.972039943167
124,376.54816248499
125,476.321041903448
126,262.156365209355
127,14.8585596004377
128,481.475063783391
129,516.849138495956
130,91.6480556955654
131,29.1030294179295
132,271.595977786581
133,147.139450434906
134,2.38948981233877
135,162.601857851879
136,176.244767887908
137,170.403003880945
138,111.173082853832
139,379.830063797066
140,395.900568989818
141,224.757613063572
142,380.917864339578
143,435.32085373733
144,385.129648715367
145,884.475885149488
146,61.5082775663394
147,313.164359301527
148,90.8671299811087
149,22.135414619636
150,274.935089331327
151,275.133105783874
152,137.380873806287
153,464.133914657277
154,327.351778528589
155,110.278880714563
156,30.7540058565616
157,94.7458609487008
158,504.473016496449
159,355.593868357861
160,452.08857635072
161,307.613477413265
162,61.5269846111283
163,123.529340859511
164,75.6278113400404
165,152.284528504345
166,359.117858129586
167,256.771260476125
168,299.172653038364
169,53.3659799561727
170,61.513994299356
171,4.69307889881557
172,139.495212679915
173,503.983456931036
174,177.400233549431
175,152.201638309718
176,263.512088807461
177,286.006555424721
178,28.2525621693864
179,69.4688389614775
180,231.360410064104
181,215.851278169966
182,188.476332249528
183,283.000344514254
184,180.953659993587
185,288.383168235469
186,379.714838558298
187,26.6645680052625
188,187.839643632761
189,423.676922174906
190,238.645150245288
191,80.6991522830549
192,48.9804219735965
193,120.038297630092
194,371.993997014945
195,140.757012759494
196,210.021189744339
197,308.08166816395
198,146.481640360267
199,227.242462709684
200,140.513843336893
201,121.660898176079
202,367.581307693926
203,609.106882259413
204,66.8180823842978
205,136.884936824415
206,156.495692158941
207,256.279478733674
208,209.462734325116
209,207.142328155452
210,3.45612567655146
211,33.1802039177203
212,58.4151301666167
213,187.637834463886
214,425.844340601866
215,159.072641817746
216,589.478488251799
217,512.373951285202
218,577.980207839124
219,500.915641579153
220,232.944031274361
221,93.3713081281678
222,150.144852058406
223,212.75953963702
224,147.067111765921
225,361.212218907
226,221.252873989157
227,289.674428513864
228,276.499225758481
229,162.576444368173
230,45.128776866393
231,360.145941761739
232,319.09546699159
233,238.524784397133
234,53.0975882047456
235,153.685693960972
236,340.566292074505
237,388.891399464369
238,265.821413102514
239,152.782282144567
240,90.8118465559396
241,23.5341488121239
242,261.272863684966
243,138.790292863289
244,274.166489379931
245,215.926798593153
246,44.8792787333388
247,454.878837840684
248,118.171983480931
249,39.4736613874646
250,21.2265987055012
251,71.5200972097241
252,231.780594997433
253,341.393760488582
254,887.256933622436
255,60.3400964393157
256,340.664111723151
257,455.727123279712
258,273.271027464516
259,127.523806901795
260,457.64366572916
261,358.93805661102
262,128.577094588929
263,205.227040891267
264,418.786087333278
265,160.314836744852
266,270.13989508584
267,269.914399795365
268,272.646098928373
269,25.3705503103347
270,270.594971780332
271,15.297642560598
272,325.332275434575
273,180.226246613857
274,45.2885876150435
275,29.5615927320795
276,153.127957558207
277,458.808813295936
278,156.860577888586
279,43.9817917586447
280,178.565812105905
281,229.98314209745
282,637.819382020367
283,298.104449129938
284,138.028691303212
285,37.1608735270897
286,594.923321228258
287,187.700901358446
288,142.893455502843
289,299.204966821075
290,233.004004710023
291,21.5031351639118
292,382.458587897203
293,164.124160802135
294,233.982789082788
295,278.165453358347
296,42.5848218923593
297,154.73295175723
298,403.486963277162
299,240.568969262026
300,19.816102329818
301,101.198444220664
302,173.748800069648
303,587.128234314961
304,128.730802897236
305,178.84411709022
306,213.435129385824
307,19.4077359151074
308,18.5818720545702
309,173.948741472118
310,30.2636878034586
311,58.7828011558135
312,423.416868774232
313,877.729843177076
314,122.701300171579
315,394.290747012981
316,186.155781555446
317,112.108363136429
318,180.5182873558
319,224.429320267377
320,378.719248231131
321,517.498943843032
322,509.563027443664
323,241.575008063694
324,273.543820059249
325,477.012715293548
326,385.680291652156
327,333.437914830629
328,465.595984227765
329,64.7459258026981
330,88.7941329443267
331,22.2261037015468
332,418.437019522919
333,307.895125211676
334,163.637855537169
335,167.034379441651
336,342.155598860424
337,69.0437873514619
338,91.5212394660946
339,499.763667325708
340,236.291796089299
341,338.280140052591
342,118.3059065962
343,134.19306204832
344,133.673521949503
345,66.1740021416111
346,447.738644900798
347,65.9857463959815
348,177.807786047469
349,607.25604851292
350,508.230240679357
351,733.134511966942
352,188.169612510314
353,742.225178039762
354,877.51315502912
355,27.0076840477994
356,162.522264785151
357,63.8727414497691
358,496.451461247335
359,50.2752066044121
360,328.853434499917
361,150.14305287714
362,66.2362520606396
363,34.6552400418744
364,27.0187645832482
365,152.359739440953
366,325.254048902873
367,374.704273271859
368,428.045559099716
369,197.166749623584
370,157.453003213603
371,110.103225013772
372,126.463121279833
373,288.98930024496
374,331.579915703957
375,390.206282237927
376,145.077174146352
377,66.6102290844133
378,67.8612152165825
379,268.628130437827
380,77.4588363480101
381,17.1620939145416
382,21.6632197991486
383,711.580155921778
384,345.184099657156
385,170.151104203056
386,582.795898718435
387,2.91651345560257
388,187.928352495836
389,346.740059140832
390,55.9175355069663
391,136.23248675683
392,93.6791062659201
393,376.887911017205
394,569.238753308311
395,345.289124668428
396,372.981503125442
397,123.969350321113
398,457.916188444107
399,30.4499879222684
400,154.696133489724
401,69.0291562863436
402,336.074458724284
403,58.1434873593964
404,420.981310243373
405,181.356229324431
406,84.580913925021
407,265.886648750523
408,468.360411262015
409,193.285109348169
410,119.516123724511
411,355.132545347526
412,133.092402801762
413,56.0272051854054
414,148.470529212474
415,329.221936853398
416,107.385990280842
417,93.2788163634405
418,396.841647295697
419,450.40124141034
420,190.17439810587
421,250.866186089173
422,886.813161322098
423,48.1186007292242
424,337.550594669893
425,191.56191394072
426,315.177507769842
427,411.098676850196
428,282.365760633795
429,251.323437711371
430,365.636039348097
431,44.7157595527468
432,53.1484289738094
433,150.86365062566
434,56.5104395958055
435,120.418481723168
436,311.452133284445
437,284.189722198224
438,475.680099569087
439,280.625927272887
440,35.7277776285661
441,506.740341562058
442,132.268076558521
443,361.251297622574
444,82.9990964726878
445,51.8314402496639
446,383.217193937164
447,195.994551276221
448,387.045809192528
449,264.94334887755
450,113.910060398835
451,73.6195120468147
452,86.3002484518797
453,450.142133782349
454,34.2214947736002
455,559.233884583203
456,296.467263346235
457,247.180303731993
458,226.060799308553
459,162.503415330581
460,68.6707331911952
461,329.650949612606
462,104.091918760294
463,205.729516446016
464,82.5692058053962
465,172.71233293745
466,372.975622509042
467,59.9424728989934
468,409.980347339321
469,17.5804949017541
470,259.074902152989
471,352.814840151405
472,337.92467975106
473,67.039248397788
474,227.299486995251
475,28.9398152305525
476,140.69278946711
477,55.362906636453
478,231.853237842164
479,355.13855587002
480,108.927638839113
481,253.303216052402
482,393.44509264161
483,161.312748640341
484,246.000699120265
485,268.626451609354
486,413.15369922444
487,63.3267630718329
488,391.920850345315
489,22.0439931319304
490,45.8367153790339
491,136.902555104278
492,104.907837846076
493,149.864039466994
494,209.142862455455
495,180.320386777474
496,328.041529488673
497,64.0264262471288
498,48.087807860437
499,18.8584613528351
500,531.790354373348
501,224.195099327712
502,275.32944527289
503,205.212862563658
504,120.098962147715
505,76.6520429094619
506,318.452574780612
507,122.66537465469
508,20.390987612849
509,162.085625281788
510,67.8287986367468
511,53.9675005426383
512,31.7164774364698
513,300.790459916926
514,138.325798887198
515,277.671264063654
516,145.881226182995
517,183.773645833969
518,28.9336120580341
519,158.687671508271
520,385.590356487301
521,67.3308492865769
522,17.0241404352464
523,29.9037170623787
524,537.56907879227
525,127.256947233912
526,124.023600489519
527,49.2276561842022
528,236.442506067771
529,382.097602962127
530,143.587689710145
531,51.9876293757456
532,94.0219664379424
533,334.050485197758
534,347.181604170672
535,145.700256564296
536,90.5688575955406
537,253.180646352158
538,222.474316190294
539,417.973108085863
540,887.197798150419
541,163.791153024809
542,403.336481404815
543,43.2402972093345
544,52.7595543753224
545,219.815117309008
546,531.450673750976
547,388.984907034422
548,189.457734635703
549,512.445746685889
550,60.8276301276006
551,409.070106013876
552,148.536712535996
553,460.004032354401
554,351.334988750177
555,109.824729518619
556,351.334878953982
557,161.152792514229
558,181.764058323804
559,104.888519564741
560,46.6344474085095
561,286.294105453938
562,73.5995827095618
563,230.013705241622
564,206.962309231711
565,128.182876003902
566,287.175944959816
567,90.9923435673163
568,185.877234305955
569,128.918556399219
570,208.744500649591
571,142.033368967752
572,389.751618933368
573,176.158510884966
574,157.109147635506
575,57.0189914233514
576,43.7156255790507
577,255.417135645219
578,378.129661492803
579,161.890858021865
580,120.328402703112
581,201.131734413846
582,128.767292865213
583,405.832861645305
584,305.112442390265
585,217.094563792241
586,8.4676370118386
587,388.625854801533
588,357.165324458568
589,184.494619730708
590,145.760468114359
591,107.060228412579
592,41.2209917555165
593,351.80625505905
594,187.24073009588
595,306.10882397666
596,173.162824761751
597,552.224176158924
598,130.625640024702
599,671.500708030568
600,554.662647759846
601,50.0093987324311
602,32.3617944216993
603,37.2084879513873
604,286.049222777481
605,36.9562090017935
606,48.2886069408088
607,117.650357010654
608,248.21155162137
609,280.972052529674
610,127.795313701395
611,185.842693347941
612,881.674492681258
613,106.350469411509
614,18.1271072153371
615,47.3818647741957
616,377.372694702084
617,173.328990481839
618,75.3417569896578
619,217.664388060742
620,159.691210519804
621,385.643174596996
622,292.053301623822
623,392.514133041158
624,47.7564736140208
625,101.66702528618
626,78.6746094802236
627,17.229063263559
628,241.991509072121
629,877.351207481998
630,867.02761556201
631,300.390979839385
632,127.738402585648
633,351.992502838587
634,225.633798622547
635,285.437051409236
636,56.1048729156163
637,491.403752766331
638,54.1689343925492
639,120.321474135557
640,201.646071056291
641,102.442532146752
642,494.93914887204
643,112.671688241894
644,78.8364470442873
645,165.234239522658
646,227.057347869614
647,353.415220688225
648,331.190398681418
649,258.708744933337
650,561.798124713723
651,316.945225737427
652,235.057244577733
653,46.4539397528208
654,303.807818971887
655,626.147142621765
656,364.308423272123
657,372.000832075768
658,479.402342249571
659,97.2322334892773
660,25.6330569598804
661,108.432624391556
662,67.1165280227153
663,45.1313493448917
664,78.256251098696
665,468.352195196916
666,457.518664922848
667,116.387992728259
668,314.540839812427
669,79.0133723376644
670,411.335579246857
671,48.8539009142575
672,254.982601074435
673,78.4684906533231
674,106.167335591331
675,34.9893681756689
676,196.583051322052
677,218.463345367485
678,137.182806836669
679,621.233177716936
680,303.147262921134
681,392.256521824579
682,74.1458463203249
683,480.381149324661
684,103.633922635037
685,160.148881696234
686,89.6347523765488
687,99.083125326765
688,221.943384416193
689,197.257396612961
690,206.024077916451
691,131.576461265154
692,65.3813488843247
693,100.867042387936
694,148.620481468147
695,242.134790211271
696,94.0751945018001
697,44.6531505359194
698,217.169953683235
699,100.215464771434
700,395.382721546417
701,115.784125595851
702,61.9262710938978
703,39.7139302298486
704,300.667997340998
705,85.8607199011528
706,25.6839351453203
707,876.258561898321
708,507.361561058237
709,152.225868914199
710,531.517731203294
711,212.851786104633
712,194.615757135111
713,353.326029166147
714,356.170238118135
715,142.321595075898
716,66.252690990113
717,54.1692438916118
718,224.944187376873
719,269.004955664328
720,70.5970429216657
721,392.215795869689
722,282.567198477503
723,313.614421535968
724,56.739761849546
725,144.651493527879
726,286.111142529381
727,375.601578259419
728,136.039241510762
729,30.5446026550014
730,239.738903035286
731,133.959925404155
732,95.8056592977946
733,185.577589638183
734,227.225921259436
735,198.074313419585
736,391.653167389627
737,343.615600205969
738,488.729414684233
739,29.8099423235108
740,160.865678083923
741,169.503547407402
742,185.65396871059
743,60.6075124715114
744,83.3122400630065
745,173.946408538746
746,71.6985574636924
747,368.602316188856
748,347.369224227962
749,113.881148342771
750,101.904175896526
751,13.3490048982719
752,62.4289508498663
753,503.054640088832
754,360.861646065538
755,418.215582772842
756,362.410554696639
757,228.899470205889
758,49.6474970501787
759,122.146427624375
760,30.9063651416531
761,163.135030654541
762,332.39506968083
763,375.826309832316
764,32.5154070409805
765,501.812253896952
766,210.36532281458
767,251.96965762989
768,252.168480486159
769,14.1858704257975
770,392.955441273506
771,285.70969304846
772,132.552887283243
773,35.2891078958812
774,97.2844570265268
775,86.6351214160698
776,133.892874482455
777,271.978284558286
778,462.753454844663
779,215.932393431069
780,297.751755841436
781,150.026856753836
782,462.253428371642
783,94.2601017414376
784,69.1588238942635
785,282.665415019827
786,438.766422812651
787,233.753462538192
788,192.306996413891
789,30.0368201189686
790,426.46930941597
791,152.356097646872
792,87.0752716466225
793,459.62692287231
794,25.4285808953103
795,199.693617553396
796,531.206111998938
797,528.677601076643
798,55.5417197562722
799,305.731953140093
800,168.568228240308
801,84.5802220694599
802,326.73432711906
803,129.54707196745
804,152.084864070383
805,459.684586075299
806,376.350087742521
807,129.894865924317
808,92.6331867276387
809,201.048093737094
810,65.5889191381679
811,127.039894226381
812,375.193893827363
813,31.2440039943386
814,192.087133304698
815,709.203468717182
816,163.041937063401
817,113.144430984318
818,15.6761633587076
819,117.071967754417
820,386.309258975329
821,372.246405764778
822,138.545420351519
823,197.527236490739
824,352.894199895479
825,211.334291191075
826,387.80281989502
827,171.302985279235
828,78.2119060126501
829,381.33513742892
830,231.622819003468
831,16.9092242383135
832,89.8826845405096
833,203.917383355623
834,380.562279335854
835,373.91434485329
836,55.8331850238781
837,38.9862040026581
838,371.914032387662
839,50.3498617379369
840,345.927224695708
841,630.758045696603
842,272.723439893627
843,260.915123679652
844,250.400813244744
845,70.7918649649962
846,161.981336139211
847,214.041675232103
848,205.081192452549
849,224.695499553452
850,18.1678824128486
851,25.5466750840974
852,197.149325133363
853,190.242186327371
854,22.1410245092469
855,146.251097129595
856,77.6046224701665
857,59.6879746722759
858,158.275756868652
859,263.985063289876
860,235.930507260117
861,54.6086211160506
862,100.795682061991
863,38.8249716177557
864,515.918704993245
865,17.7573578295977
866,103.441903712793
867,500.969466619319
868,53.8468765953047
869,139.084999637801
870,59.0330815775319
871,172.416305609379
872,52.7198332481116
873,128.716858359831
874,64.4157957353122
875,83.2761372779498
876,162.966848435026
877,81.8974386201406
878,727.58763540841
879,199.710194858816
880,274.590596320213
881,25.986475844183
882,193.934933117377
883,134.862988802734
884,171.117292200006
885,188.522566240321
886,373.746716861378
887,166.796429927029
888,452.538115064814
889,157.816791652738
890,273.88201766203
891,332.538374765188
892,26.6716775502836
893,157.3320518558
894,364.986577617986
895,255.177973275866
896,445.221991835515
897,97.7442412019203
898,82.2444380527171
899,40.9472297574585
900,160.880629539888
901,46.9408029303
902,54.2731421872158
903,233.585926890969
904,130.321704630856
905,141.507821381109
906,463.431173085806
907,499.428092089132
908,115.699637171047
909,401.09945861159
910,4.00816356865083
911,130.466653741939
912,126.894351068578
913,389.177997472882
914,228.287098435116
915,450.962983170114
916,195.960284630689
917,380.155314510869
918,67.5581967501093
919,372.426586053698
920,267.263273517565
921,46.8467818077685
922,63.7579070658111
923,62.7341762077255
924,149.448088187557
925,338.714533131744
926,145.29865670784
927,52.6089539809025
928,174.501822079439
929,127.211304632985
930,163.192882388783
931,246.505919473053
932,119.712456272264
933,81.5163120594485
934,260.464949905268
935,401.338301208907
936,378.303442385415
937,8.67239411650316
938,51.1950068569427
939,36.2289147654472
940,43.6368213287392
941,374.521759215446
942,595.282595075765
943,244.474629839619
944,200.449791639081
945,31.9990270653798
946,258.180912749375
947,116.580907708101
948,257.044589672929
949,112.73672958295
950,274.305241446285
951,263.939381270444
952,72.7138191584292
953,312.166138311116
954,32.028233748539
955,128.238994444161
956,99.1613367337492
957,365.662435744326
958,268.001430826066
959,894.652439102514
960,134.369389585477
961,310.312514661651
962,196.701696782717
963,523.256129847048
964,27.440762626781
965,33.9083112589742
966,337.473076870509
967,66.8514723579959
968,51.5366025169778
969,476.90334835066
970,156.290753319384
971,724.233444849816
972,147.840020594543
973,54.0274231337899
974,98.0804588711748
975,333.312441123228
976,875.244654811263
977,894.86306132971
978,479.347164677058
979,395.034236918026
980,144.788410116623
981,397.636875473923
982,45.4802958847583
983,290.326184628388
984,70.7172653858735
985,266.551861014616
986,253.525398286042
987,96.6403709603788
988,106.204867174869
989,201.031209834413
990,87.4692051106488
991,178.825350291505
992,58.2876616214217
993,246.873827272133
994,393.271108673512
995,230.591666714992
996,457.459780295535
997,116.994169453532
998,27.645788781934
999,261.363542178681
1000,196.876840609071
1001,94.2456042551013
1002,496.535372233507
1003,47.8535728410228
1004,83.8171440349881
1005,378.781593365446
1006,51.8835083843428
1007,158.298550184603
1008,451.81764160631
1009,83.9407027653141
1010,29.4871341390695
1011,352.673062341973
1012,142.872618082831
1013,315.371347122938
1014,134.37749362341
1015,52.0117551433549
1016,196.731755684784
1017,466.347661310393
1018,4.30337640595358
1019,200.801757478156
1020,233.556223149503
1021,101.677123460272
1022,27.0814506488954
1023,382.726237337087
1024,171.550112775606
1025,26.6030453872248
1026,141.309705409142
1027,368.753232973536
1028,570.698471115483
1029,254.660567113788
1030,57.7837772944811
1031,652.185832244322
1032,406.780479070477
1033,103.354731903277
1034,17.7715830588193
1035,104.539842942288
1036,70.5641275939854
1037,338.557485935382
1038,110.907176671812
1039,97.9567815043347
1040,113.630939504981
1041,242.107592036827
1042,174.758181063624
1043,365.034782605879
1044,356.694724261967
1045,318.387409562099
1046,32.3038372650438
1047,155.749280641013
1048,430.196884917243
1049,108.024594832694
1050,154.321854544403
1051,280.716258177069
1052,71.0539815908605
1053,186.397473342223
1054,286.221082674318
1055,50.8895885688656
1056,392.623749089627
1057,256.787853614352
1058,444.469075003644
1059,20.4343219740377
1060,238.447872552265
1061,325.025733125911
1062,393.08596979871
1063,198.977012965004
1064,881.066467651653
1065,361.893908221104
1066,228.402188496082
1067,109.818208887947
1068,835.903605363687
1069,124.127979642029
1070,193.111616422159
1071,19.5740059934661
1072,76.7927933167677
1073,293.20945861864
1074,74.6232811191379
1075,170.241675614289
1076,190.462831809311
1077,338.800192357843
1078,78.8286906996487
1079,175.152580807375
1080,181.284535540131
1081,49.1752005866045
1082,59.3865702527201
1083,198.995571730201
1084,265.750005279834
1085,252.423200956095
1086,148.779614399387
1087,49.3111706617824
1088,89.3578432294776
1089,195.738041099321
1090,87.7858948684874
1091,122.697499951583
1092,273.614266114863
1093,49.8766367107042
1094,121.361299486029
1095,9.20574061115608
1096,124.033319672591
1097,50.555945990288
1098,114.26638165202
1099,446.611181923366
1100,479.468803598054
1101,159.276555326192
1102,90.313619989547
1103,382.40991361838
1104,202.932429788594
1105,166.832769657709
1106,358.175878510263
1107,61.7009935950493
1108,536.597885247191
1109,240.962988169232
1110,98.6918465908254
1111,43.6361042774968
1112,88.327553066698
1113,142.68735318175
1114,332.718744558986
1115,313.974003080503
1116,153.641685552196
1117,161.988762192827
1118,108.07625448913
1119,330.75970056795
1120,208.234374555163
1121,342.754259426673
1122,274.764591472979
1123,78.8992369945979
1124,460.797967921381
1125,222.024500431477
1126,87.967273488047
1127,147.268913528506
1128,70.1298742206768
1129,351.898127449501
1130,282.430527516981
1131,343.481663927593
1132,51.7738281578488
1133,885.663728678203
1134,73.8837151350787
1135,79.9739395651131
1136,479.210818928786
1137,216.111883245758
1138,230.77311255817
1139,372.224258562373
1140,245.683932648155
1141,100.406159572891
1142,9.2170036371848
1143,361.280918731144
1144,36.2640497021659
1145,150.237070589471
1146,490.505546273038
1147,172.390049240975
1148,32.2878852248881
1149,18.7042467171324
1150,86.0819787242845
1151,8.22833577573562
1152,303.0737638624
1153,443.098342442231
1154,20.6276192341373
1155,98.6190875559315
1156,643.702002443648
1157,383.917045628247
1158,72.0152927707965
1159,498.108329335911
1160,227.849962772198
1161,239.500368397968
1162,114.477122213724
1163,472.354054378931
1164,261.674490856304
1165,356.72024048354
1166,29.6130468526196
1167,234.968898632332
1168,43.0668348683844
1169,625.061090509204
1170,247.316873135041
1171,22.2369873863905
1172,77.9824881768259
1173,285.438982126452
1174,181.518141531767
1175,121.433717223116
1176,322.270765255543
1177,116.926631180652
1178,232.332471401188
1179,278.144076851643
1180,104.231662252204
1181,197.892573874406
1182,106.961993723852
1183,116.889721264095
1184,215.566874663373
1185,281.586250242891
1186,84.2267876625724
1187,382.211625461322
1188,34.8915452371369
1189,475.356152229635
1190,267.339499049736
1191,391.060641900144
1192,272.475638391559
1193,171.500561396214
1194,168.115424955164
1195,714.660502285539
1196,231.301890356738
1197,207.679843359155
1198,261.072138340365
1199,116.607282473882
1200,237.096900550958
1201,529.370979237481
1202,262.626583856999
1203,270.184034549859
1204,271.411774832399
1205,65.8364253495972
1206,46.9216232804223
1207,115.030483275994
1208,175.814443731806
1209,8.08362474326127
1210,12.7358523578088
1211,504.497183424588
1212,239.275299318097
1213,235.436774687904
1214,119.511492014937
1215,210.518429116947
1216,111.73482633589
1217,116.148146485701
1218,29.0318222858861
1219,55.8354394593006
1220,122.144575558973
1221,211.916611001773
1222,257.649999042964
1223,201.849916844584
1224,226.161448730829
1225,37.6756430324356
1226,220.086422561491
1227,239.798044952991
1228,257.48765444957
1229,367.523137792936
1230,150.336445588592
1231,192.152330477323
1232,136.288357304056
1233,29.7227639734262
1234,366.734468686809
1235,132.673909631564
1236,129.997208257423
1237,444.834751053509
1238,235.488884415863
1239,508.298276735709
1240,446.377979386918
1241,205.251550824186
1242,344.883522075597
1243,409.563110153017
1244,57.1362519855158
1245,285.790777773121
1246,295.529241673065
1247,142.160290146093
1248,390.082432511455
1249,528.077501228597
1250,126.135501755947
1251,193.038052395892
1252,352.268268512318
1253,359.982621527207
1254,457.278708635967
1255,337.323441143725
1256,48.3648321412899
1257,127.890541460158
1258,184.365771905582
1259,305.358641773881
1260,236.914410002127
1261,162.757872124847
1262,3.06513507615512
1263,359.759232364255
1264,73.9770701700935
1265,68.5796583470565
1266,57.8940580679612
1267,55.7326248487322
1268,406.839352181807
1269,380.773933711209
1270,263.857536264819
1271,64.8662723220293
1272,264.269900467789
1273,387.133755808506
1274,275.990967641748
1275,149.887248741135
1276,375.902446827818
1277,157.732155372157
1278,472.75882633922
1279,148.910863662047
1280,275.824554094927
1281,48.3330289256374
1282,50.5903588682241
1283,385.994158889032
1284,115.677436553989
1285,49.5723477033614
1286,179.348312151835
1287,210.642922897538
1288,256.3278758538
1289,73.1797746308765
1290,129.136976068439
1291,425.742247438037
1292,60.8572035165015
1293,472.506316942574
1294,248.413932233465
1295,52.4347856704097
1296,251.736765388211
1297,152.783933653495
1298,496.284515181006
1299,58.7194570623398
1300,455.228545177428
1301,490.71966352827
1302,160.963103948751
1303,22.0865113557111
1304,147.471731216272
1305,330.91301875712
1306,85.5287040657212
1307,359.9035328739
1308,69.1021327380703
1309,88.9108041657099
1310,233.761621611355
1311,205.195278483024
1312,75.3756899508755
1313,149.609163016208
1314,408.066233939004
1315,215.163696292842
1316,44.7095570506346
1317,188.049693041444
1318,14.6705221886858
1319,163.57201870872
1320,111.72644530623
1321,187.687495073843
1322,507.894052374948
1323,170.788496131843
1324,25.1186880393591
1325,337.840928149377
1326,97.3400521421846
1327,304.438011862894
1328,132.308101546934
1329,132.953402656933
1330,264.075673285764
1331,64.9685037824203
1332,226.915536305585
1333,489.629653295942
1334,363.893285524901
1335,385.12185428153
1336,632.407396440162
1337,458.001130594082
1338,2.94741739060482
1339,239.316409553248
1340,48.1921736979448
1341,71.2224847274947
1342,25.6128174795887
1343,106.545002485575
1344,78.3746208556793
1345,45.5654125467011
1346,883.181191678264
1347,33.2449549393196
1348,202.206923651091
1349,231.309107102195
1350,63.6231381735942
1351,441.4709904807
1352,119.785184705622
1353,208.504275157637
1354,91.0015099553906
1355,389.78318376932
1356,132.459289940821
1357,200.587468008188
1358,171.917669776044
1359,321.094550654248
1360,447.04429864099
1361,61.7667460291887
1362,141.112660520879
1363,586.061062146578
1364,286.065197452361
1365,90.2948516367301
1366,326.862322024591
1367,508.915133200526
1368,801.486860721115
1369,326.220543056045
1370,181.550596920865
1371,23.2295799661213
1372,96.5708167597251
1373,36.2397588691997
1374,119.085726694244
1375,51.218990804349
1376,173.588118323621
1377,83.1538136407716
1378,63.4076763345205
1379,154.258059870383
1380,225.969063957265
1381,170.308462542149
1382,508.940326263605
1383,194.615089989397
1384,207.966553047547
1385,231.630086882946
1386,273.808574900925
1387,57.2323970482288
1388,278.711222886179
1389,361.143611178278
1390,84.0380009809127
1391,35.0982194121798
1392,531.616447086046
1393,27.9719600926022
1394,54.2348472868152
1395,85.3058327507394
1396,62.6415675384046
1397,128.805653556215
1398,227.632299426205
1399,184.33359506806
1400,224.447113938797
1401,37.1372104344306
1402,491.887327425443
1403,220.261845230242
1404,207.880486658174
1405,23.7708006666424
1406,201.642521414934
1407,328.26543956088
1408,20.6410354320127
1409,115.28515389798
1410,200.774009736256
1411,206.816206555295
1412,361.378729506981
1413,31.3270457737816
1414,139.284570646224
1415,67.1691824410788
1416,114.303647809932
1417,140.131322763808
1418,32.7376759553868
1419,37.5166470890132
1420,80.3799351090878
1421,675.093889588089
1422,221.625538425371
1423,175.09936007795
1424,68.4952940646277
1425,323.015948379605
1426,287.905013650431
1427,104.768034102538
1428,428.850044567852
1429,2.87070638864334
1430,4.66257361613611
1431,211.228177569044
1432,335.337525221363
1433,57.960185583616
1434,501.32613066736
1435,211.526658139649
1436,357.279841855816
1437,169.590205323725
1438,118.535061378305
1439,208.056899046363
1440,87.7742611698173
1441,369.701028960679
1442,290.325005942456
1443,335.569999457781
1444,58.1992801081198
1445,128.544686864682
1446,162.103395965186
1447,154.786713821424
1448,387.479262115501
1449,141.127252469451
1450,372.650636536423
1451,136.376604534139
1452,35.094655003725
1453,141.648651718894
1454,626.468542852585
1455,42.0704639082438
1456,341.580507668409
1457,306.833984031007
1458,239.482314737813
1459,125.963652874659
1460,200.186407800338
1461,108.974520009592
1462,135.098121563012
1463,196.975666059025
1464,235.604948114213
1465,452.841710715504
1466,375.606637612026
1467,272.887409489715
1468,198.177376219617
1469,241.198048995094
1470,288.64137681656
1471,307.42867391686
1472,291.684077582861
1473,28.6009915703609
1474,216.362308021611
1475,97.0950157481022
1476,38.8713346775542
1477,22.6859806467062
1478,188.884993794345
1479,169.1426087292
1480,32.0340668556623
1481,77.9152301670939
1482,124.724115630701
1483,129.807906658878
1484,363.172473762536
1485,26.458053139899
1486,138.430272946051
1487,108.50448440435
1488,221.127011050889
1489,490.678046361681
1490,184.387018799325
1491,99.5287034519368
1492,246.653117607643
1493,160.723590703264
1494,288.768698299276
1495,267.877287734938
1496,225.317534620411
1497,181.68363013491
1498,41.3111207873563
1499,37.5201976412791
1500,275.073649275781
1501,282.58717403786
1502,339.06677478296
1503,54.7845533220184
1504,445.433973225845
1505,355.944679738814
1506,352.837999985872
1507,197.039646939854
1508,158.715890882427
1509,21.7638813885004
1510,159.793954457738
1511,85.4172487412624
1512,62.9032320672015
1513,518.528936334991
1514,174.048916984894
1515,122.364986075295
1516,43.3270576988793
1517,222.889680615811
1518,175.161009379923
1519,154.721324537332
1520,384.591236059981
1521,409.963001562334
1522,46.4715697786927
1523,141.686632640525
1524,493.129583155156
1525,110.794224520773
1526,250.821833526045
1527,89.6861124787664
1528,265.998250221655
1529,22.7167308427936
1530,196.583737715996
1531,197.087183171335
1532,205.407445263774
1533,399.115336900976
1534,144.104868643958
1535,143.73664273329
1536,241.637952369735
1537,177.934035683196
1538,894.607358541685
1539,30.8792915909706
1540,253.492219220094
1541,62.1672822049734
1542,421.27352131588
1543,295.450840562675
1544,90.8147753913006
1545,219.889825140084
1546,52.6046459616782
1547,241.716221457275
1548,377.075304806687
1549,210.67295583808
1550,517.4442504674
1551,198.984130841141
1552,357.279674607904
1553,126.431834020599
1554,449.49357625321
1555,272.951290713218
1556,66.4414110166755
1557,152.003330983645
1558,19.9620382729072
1559,91.8780733275234
1560,85.6466205483824
1561,359.281172252613
1562,344.002931329258
1563,109.711747628421
1564,40.7856565357326
1565,43.179263571503
1566,34.1817262927229
1567,491.544124871184
1568,163.124202510224
1569,445.211209129787
1570,366.73428952441
1571,60.0020226842297
1572,242.262667202056
1573,245.538350623822
1574,363.334122443939
1575,234.121869863632
1576,121.48044751759
1577,194.105521315799
1578,219.852371958899
1579,128.109742877391
1580,193.175600534194
1581,59.9790526986149
1582,412.016416546483
1583,223.365359690284
1584,207.097990219069
1585,3.02474118034639
1586,289.995131377641
1587,67.2283270735492
1588,251.962703313208
1589,4.74633149623497
1590,355.795190458748
1591,402.145030094516
1592,140.46396786007
1593,265.353619926044
1594,408.819110506331
1595,257.908458800166
1596,277.124213573588
1597,192.957988746393
1598,128.501908723675
1599,54.8187783426264
1600,249.540474799274
1601,154.86683292723
1602,149.154953872696
1603,144.315411478194
1604,482.859118011276
1605,270.742823254246
1606,111.055731309366
1607,264.687964520413
1608,379.371889519845
1609,319.373269893541
1610,291.190038717252
1611,177.283846287717
1612,153.095215592789
1613,165.063302481896
1614,270.584974986794
1615,250.906372208826
1616,147.683613416488
1617,7.13217639484573
1618,505.324446190569
1619,150.526644838819
1620,247.447556220971
1621,421.790344948127
1622,13.731162755999
1623,38.87585775646
1624,72.383245860436
1625,74.7314864068816
1626,94.2760100153069
1627,331.646153111574
1628,161.629887163323
1629,132.667207478656
1630,226.860211677378
1631,3.42847310480173
1632,453.520697497818
1633,173.774458646521
1634,143.303442460063
1635,224.918985441686
1636,405.147950950826
1637,210.618324730699
1638,307.254001224456
1639,107.832761208191
1640,100.161641729027
1641,302.809949090846
1642,5.61974945798701
1643,414.452869676754
1644,476.694053915903
1645,46.4947730070681
1646,56.3069726164229
1647,98.5294633147058
1648,144.421217633056
1649,249.224708775498
1650,579.754770327972
1651,202.323153690195
1652,32.6332229781854
1653,15.5916467280588
1654,75.8270325746884
1655,149.708376123483
1656,295.126547702386
1657,189.652757370424
1658,164.868240641451
1659,369.102673024284
1660,365.652657229889
1661,191.572149839772
1662,82.829811567324
1663,484.539791700105
1664,241.727788799925
1665,436.88440013175
1666,81.8828544119131
1667,49.4432474342949
1668,621.92445275374
1669,113.097823015493
1670,167.560880859387
1671,195.49586124151
1672,248.179967384344
1673,360.958800024979
1674,445.272248051921
1675,129.08235498235
1676,382.143622793542
1677,281.261019866524
1678,376.43205016221
1679,377.815925072711
1680,148.565217782003
1681,324.83743170256
1682,275.231443452061
1683,342.281896465519
1684,158.802770857184
1685,382.77706798062
1686,293.396614754086
1687,286.128275786939
1688,70.3968321413092
1689,24.8619935689927
1690,370.266274734751
1691,152.529583225578
1692,344.23203326343
1693,82.8118406574759
1694,318.818881474134
1695,266.709321720435
1696,7.37250201004369
1697,178.02958441208
1698,484.579466263763
1699,175.679455681814
1700,595.788903268083
1701,42.1001399894255
1702,52.7210800771154
1703,97.7981354187658
1704,28.1288167495886
1705,148.101001664278
1706,175.434909722855
1707,885.218097146443
1708,255.401064349296
1709,283.924111269108
1710,894.062829126453
1711,156.867092588384
1712,128.541700008963
1713,46.8714991211404
1714,29.5491357025478
1715,146.123958780356
1716,875.645116730947
1717,112.420496146903
1718,546.587139583285
1719,391.788074351047
1720,99.9813828823558
1721,107.159149161619
1722,46.7960133990647
1723,233.08128755825
1724,133.064676029875
1725,264.423041925182
1726,127.850710465708
1727,324.612608383793
1728,276.934417913626
1729,353.247666067093
1730,93.7399499115029
1731,10.8228002528985
1732,283.569113996034
1733,498.446113803197
1734,115.203718309162
1735,354.515812393852
1736,605.850149615701
1737,200.895451490154
1738,111.721236543688
1739,137.345552457862
1740,76.0856134844145
1741,403.602146843465
1742,313.971329599332
1743,461.007495793422
1744,23.0312614100414
1745,273.887140449278
1746,228.273023782539
1747,227.016846894959
1748,380.007904740244
1749,32.0909707275123
1750,187.079581542087
1751,93.8269682464444
1752,23.0834264408188
1753,197.739521899097
1754,891.578979776062
1755,22.2616295852325
1756,194.02536204846
1757,112.170609794469
1758,198.803890413091
1759,503.47550946283
1760,496.085317684565
1761,9.9568184156729
1762,139.894827709956
1763,118.523814190361
1764,223.051758921238
1765,269.558613794426
1766,105.799569215704
1767,312.500710738352
1768,134.711033657573
1769,243.697089386793
1770,359.335099582727
1771,247.654325209745
1772,184.82614620717
1773,185.33463026575
1774,219.42221172238
1775,40.1783715032812
1776,222.894096411756
1777,890.250296545155
1778,416.964428185103
1779,462.591361599247
1780,345.12783658432
1781,21.6711262603121
1782,149.077984816827
1783,112.933818257527
1784,470.142287255009
1785,298.315531165799
1786,131.27864615197
1787,67.5457875442972
1788,65.1660933465386
1789,48.4494266390588
1790,152.247853043994
1791,502.763986142419
1792,199.029926897734
1793,80.6159133132052
1794,151.577026372645
1795,19.4388182372861
1796,277.869379116815
1797,340.860948785003
1798,97.60177143757
1799,32.4624810020845
1800,351.758836659149
1801,232.768544773831
1802,100.054255438439
1803,86.0924013873589
1804,174.070613960034
1805,62.809774916733
1806,137.627817900426
1807,7.95352431879219
1808,59.7222307456862
1809,21.5955806190894
1810,110.958407902756
1811,355.147457956282
1812,363.432467278992
1813,107.539395833074
1814,200.252106338656
1815,275.204843622463
1816,53.2487590457269
1817,219.800588776823
1818,301.324057327139
1819,112.744239188411
1820,239.155845717892
1821,286.362362977015
1822,384.947325416739
1823,194.160679078046
1824,382.190746452019
1825,-15.3870112306781
1826,41.2468288752021
1827,192.777219919071
1828,617.869173731845
1829,217.948011821363
1830,111.604766296804
1831,271.731471767119
1832,259.275358929918
1833,79.2464986868172
1834,379.200411823582
1835,308.320261125635
1836,16.5518595682005
1837,141.907839577886
1838,322.325946204452
1839,370.652985030301
1840,484.484590773044
1841,318.257933858992
1842,50.6520493903419
1843,85.9058728802652
1844,103.426878606878
1845,128.532146091484
1846,267.494169267434
1847,221.134489176913
1848,47.0476051480633
1849,243.113532815744
1850,141.813500322852
1851,350.752264365455
1852,427.623768271396
1853,76.60258957218
1854,253.424554689053
1855,173.396601682864
1856,324.697731938667
1857,127.771674557127
1858,24.479146987012
1859,251.973879479064
1860,187.476086207059
1861,193.232804707948
1862,45.5624595433288
1863,387.64601911873
1864,114.14721274118
1865,67.8281503856716
1866,282.346294484284
1867,889.284241461507
1868,252.334146926444
1869,145.626426790102
1870,283.001761577382
1871,228.85009704975
1872,150.393631254227
1873,216.883924085841
1874,101.310089464406
1875,14.9142550367814
1876,67.0538471827298
1877,51.8303872753969
1878,170.308875762463
1879,17.2952412769651
1880,121.41061684712
1881,231.086554890075
1882,386.27290649789
1883,203.758678815289
1884,301.262661830373
1885,122.044765221655
1886,221.719303217048
1887,305.589065261827
1888,130.600235629994
1889,153.439154016458
1890,22.1247259838877
1891,99.0563313611998
1892,74.1325689667852
1893,557.529492881088
1894,104.788252840925
1895,267.584840279257
1896,80.733867749605
1897,237.73209922927
1898,107.777454310471
1899,66.8855809099376
1900,284.949035355901
1901,81.2378258530017
1902,138.974382250319
1903,189.361629668511
1904,38.0467270818073
1905,380.587920809247
1906,135.341907125613
1907,88.3461654736476
1908,308.26352520399
1909,483.897938302718
1910,49.1664604031889
1911,181.367167168983
1912,746.007543884369
1913,507.973735089297
1914,119.953918853866
1915,186.441468529848
1916,199.81664240489
1917,55.3990606270841
1918,181.71021592276
1919,40.5843037654544
1920,274.600173075346
1921,205.652217918363
1922,223.512017464584
1923,264.493256871143
1924,269.109949735886
1925,157.680460320551
1926,58.2223613335097
1927,63.3309446677524
1928,80.1138715087128
1929,204.467344085629
1930,74.2632658938859
1931,275.496691720845
1932,390.738111825189
1933,37.3178341226813
1934,34.0340929261969
1935,473.182141664177
1936,882.752642354557
1937,213.483455055969
1938,350.776834547663
1939,231.016282062944
1940,422.842224498203
1941,156.05445900381
1942,278.071320404756
1943,227.787788068645
1944,124.354558585768
1945,120.299407453153
1946,157.126471514204
1947,495.249826886792
1948,207.33996333642
1949,147.37065657877
1950,513.706329815344
1951,384.944356253695
1952,67.2694291568706
1953,162.195878502319
1954,397.446655337335
1955,129.586387792975
1956,153.908099006279
1957,55.6958739429276
1958,62.9336547185909
1959,26.8847644006396
1960,122.54186309639
1961,877.343263879259
1962,18.4612419760901
1963,42.6054848847773
1964,58.9113958463916
1965,391.185821936186
1966,366.296263086537
1967,20.7722050053294
1968,44.5365857531716
1969,355.219432519243
1970,88.0765382240254
1971,230.488854146162
1972,278.563207464914
1973,471.041550696069
1974,44.7030931588789
1975,134.5114821807
1976,496.238008643198
1977,117.175737242758
1978,4.500065043426
1979,31.6886581370884
1980,264.700496211475
1981,130.604348498445
1982,324.438276779112
1983,579.924139659445
1984,44.654183139938
1985,536.328463668035
1986,370.062137453141
1987,91.853364772981
1988,177.931550094631
1989,42.7164176167353
1990,880.582014393793
1991,122.438616329749
1992,77.2232317681495
1993,355.375718548894
1994,170.251874657589
1995,179.696296745336
1996,267.520308573755
1997,157.59294189981
1998,355.158739549654
1999,199.534392401038
2000,275.278830267109
2001,884.308773511533
2002,90.408624365351
2003,49.9005082220821
2004,4.96160731560835
2005,358.543645917643
2006,192.110810850233
2007,5.04100993073167
2008,17.798594541902
2009,539.103677787767
2010,196.642241970131
2011,136.494304656737
2012,57.6711242675681
2013,75.4561819007776
2014,3.95231889782997
2015,511.122365899794
2016,147.673405367982
2017,37.3874560772747
2018,6.95971551996253
2019,91.6023201533998
2020,34.9464270808886
2021,472.205927813657
2022,155.080436901741
2023,369.337547406917
2024,16.8922775027044
2025,520.141594433152
2026,381.671726352082
2027,246.1428706342
2028,519.259137994351
2029,362.201041839156
2030,158.725652464756
2031,186.385014176791
2032,43.4750166474323
2033,183.505537412234
2034,289.246572146238
2035,22.7043525332746
2036,250.964016015686
2037,235.219209252376
2038,369.084565952115
2039,218.508786701711
2040,24.1159167427043
2041,38.1399428390306
2042,437.125708072594
2043,328.969815486917
2044,355.062949408476
2045,364.205736839751
2046,200.00255344676
2047,416.801577129278
2048,97.4231837081787
2049,552.41523379362
2050,62.5230517039943
2051,114.215495765303
2052,239.903376912862
2053,157.522562136908
2054,610.508951667583
2055,80.8353813303495
2056,65.4346870769377
2057,41.2185377425787
2058,45.6937745120405
2059,37.6119255812828
2060,121.792603398399
2061,174.538168716854
2062,57.1680481297193
2063,14.9409360987
2064,278.966857362226
2065,34.4763326980087
2066,124.296497997213
2067,357.114177655354
2068,267.234691153546
2069,553.372956494419
2070,353.209852969018
2071,28.4392702132498
2072,270.512208499002
2073,396.066097055865
2074,247.930441255116
2075,163.671901974306
2076,348.240973940772
2077,884.30498326785
2078,528.909077820527
2079,25.3671479409383
2080,293.208516435582
2081,196.954943732723
2082,70.1503012571098
2083,36.7976859370457
2084,520.577663143987
2085,126.855941992257
2086,287.961991198226
2087,316.268930947254
2088,271.430660155252
2089,188.398951151128
2090,397.447922500099
2091,164.837230710707
2092,367.229277142494
2093,210.522462868974
2094,162.148563296107
2095,315.323124064407
2096,516.383164618861
2097,261.300181848367
2098,166.911684066772
2099,79.7992475828001
2100,56.5735939191248
2101,403.462581339826
2102,205.874393867081
2103,141.787599451601
2104,70.5660423701244
2105,55.8219287578299
2106,16.7794119795293
2107,45.9622429107031
2108,386.733817924586
2109,204.306567124045
2110,451.650365803257
2111,140.299460406159
2112,17.5164833778111
2113,26.3157190015699
2114,87.01597812066
2115,261.548210812456
2116,163.905325522892
2117,305.040716224235
2118,484.706094392028
2119,330.413788572416
2120,199.156454063621
2121,104.642046044458
2122,242.050799832278
2123,105.005385083607
2124,503.461551168344
2125,93.2761023544738
2126,54.8925768989804
2127,177.549184817728
2128,234.899933139385
2129,42.7688519669281
2130,136.040950385998
2131,57.3630153578703
2132,291.557553284735
2133,230.593623114099
2134,101.021223652683
2135,34.3371225357041
2136,219.629176029192
2137,32.1937941001054
2138,120.655420425379
2139,165.386621280495
2140,34.0658331165655
2141,27.4081312733764
2142,376.825108601286
2143,73.2409850548941
2144,44.6237080649002
2145,146.124098080135
2146,317.741994807992
2147,148.40181813492
2148,379.662944053137
2149,564.530351426095
2150,405.53466791012
2151,229.170872524955
2152,375.263288679038
2153,214.270978918252
2154,157.433021246195
2155,145.388807747134
2156,155.352852306318
2157,502.759377365405
2158,490.342405283143
2159,324.218748084596
2160,291.254351661606
2161,411.541704534534
2162,528.011728539893
2163,594.562179470542
2164,243.21307514716
2165,82.596359584942
2166,198.864778127973
2167,140.298703573244
2168,89.0463854068859
2169,251.200358867324
2170,44.517045934342
2171,435.048258755921
2172,194.722464788436
2173,407.400804929674
2174,388.609485180248
2175,382.113772445144
2176,496.971480304022
2177,211.414988678779
2178,139.410609759668
2179,271.489371869756
2180,100.710288004406
2181,79.6708112751128
2182,248.902210710874
2183,5.44277413740047
2184,282.075302744897
2185,37.8395309945543
2186,880.319994901736
2187,24.2484758635429
2188,265.405555515705
2189,360.737473069246
2190,28.4845055050398
2191,443.682794415241
2192,494.312602221494
2193,247.867684307597
2194,110.858516179701
2195,288.943847870658
2196,342.288529149894
2197,10.0914798940065
2198,250.894674040025
2199,160.635897819207
2200,430.504105625826
2201,141.031294980873
2202,99.4283426113377
2203,128.847816042354
2204,128.657250480973
2205,54.6575011648862
2206,132.170852182485
2207,408.994182395952
2208,622.515242346517
2209,199.685597038178
2210,19.637515902024
2211,509.17639675269
2212,252.82257860062
2213,37.9343706807645
2214,148.150981011575
2215,319.726443160962
2216,343.57012577636
2217,230.961226917031
2218,283.038592943567
2219,240.661850535366
2220,22.4531260651319
2221,65.5522474411006
2222,69.443650479332
2223,398.183342899883
2224,60.630482326389
2225,179.925784562657
2226,414.756197284715
2227,157.048542512989
2228,86.4356056757336
2229,292.987559854787
2230,60.2803866484318
2231,194.000177499457
2232,156.207981757728
2233,562.35090919436
2234,132.532566672318
2235,379.618648078587
2236,69.7547518493379
2237,474.210058651063
2238,375.68826243898
2239,107.585445259015
2240,364.047113870368
2241,34.4677203244313
2242,375.246525243482
2243,375.796011877448
2244,386.499043283772
2245,52.9645968361401
2246,138.750736281481
2247,111.717883249803
2248,4.08472368702427
2249,356.496046917752
2250,114.906971430986
2251,181.329298972261
2252,98.6849743046684
2253,362.092881842437
2254,375.285986601099
2255,334.501646065739
2256,146.721974767359
2257,110.55297591863
2258,52.5442575665356
2259,51.6269893626123
2260,153.2708727424
2261,340.922149455536
2262,108.64172574644
2263,359.464213604802
2264,180.610038996025
2265,68.6668984523782
2266,245.549592543361
2267,173.416622289922
2268,431.064549034666
2269,627.489047436415
2270,178.530517931563
2271,311.795304469077
2272,302.787963757823
2273,308.101979121639
2274,342.170096725865
2275,126.296991713717
2276,238.031558633709
2277,222.482756711159
2278,15.1803546612123
2279,370.189425174602
2280,373.107527241328
2281,214.597223985738
2282,213.623168800122
2283,73.07313261962
2284,364.63459739259
2285,480.223942027052
2286,37.4931582077949
2287,42.8212518900784
2288,56.040310031401
2289,22.5640832172612
2290,883.014958514714
2291,2.98345229839901
2292,355.817365320774
2293,361.132253713572
2294,512.82195072672
2295,446.513786841697
2296,189.716920894916
2297,496.249638024402
2298,183.908138262389
2299,35.565476092106
2300,894.259773770183
2301,258.122084779082
2302,81.7160626218817
2303,359.027753893025
2304,178.676372096656
2305,63.9400699518605
2306,53.2724699609489
2307,409.326042112746
2308,297.556692144441
2309,112.767973706622
2310,223.084047003887
2311,276.738403573339
2312,15.190048044915
2313,270.707991594658
2314,494.941236111302
2315,13.3417403023209
2316,470.764027897314
2317,396.650919151874
2318,100.959565526669
2319,239.728101928381
2320,128.617724061294
2321,133.854699493384
2322,134.508910574455
2323,76.6686454837971
2324,177.488541450643
2325,19.7856664710908
2326,118.944082225288
2327,19.5875115946329
2328,103.096105590114
2329,30.2741141657659
2330,23.7727222641736
2331,174.715145404332
2332,53.0894044691684
2333,269.537129085122
2334,42.8353889649419
2335,79.3090683152067
2336,435.80654229742
2337,120.447999937983
2338,182.542669023006
2339,383.789748358934
2340,403.408895884077
2341,214.440997001211
2342,70.9656695604135
2343,191.528684986869
2344,300.805628975157
2345,27.1383084807813
2346,71.3998707911624
2347,312.383185555373
2348,422.801220728746
2349,48.5227029162509
2350,259.378926460177
2351,366.281616511071
2352,52.1070582445379
2353,389.852009053266
2354,209.024681562053
2355,233.661607328309
2356,26.8952751942078
2357,470.905175179799
2358,206.111121956854
2359,69.6711170294954
2360,282.702708544646
2361,42.4242816302976
2362,45.1629365853408
2363,295.399085199229
2364,73.1338828391258
2365,41.9656953309684
2366,223.770985943638
2367,892.46244086013
2368,120.563779071872
2369,51.3594818058382
2370,299.796054146824
2371,864.781550725761
2372,312.060975821345
2373,446.71225851999
2374,449.059600813987
2375,129.118036206136
2376,378.226164145699
2377,369.202268109658
2378,242.031913778467
2379,129.083772044766
2380,48.7351655674238
2381,17.2806722414498
2382,586.156425462687
2383,181.015827052722
2384,76.8280336191443
2385,23.271865442238
2386,3.90991908126009
2387,382.612402557818
2388,403.364537408008
2389,436.860166817749
2390,106.659577759825
2391,162.746555018289
2392,373.331230298045
2393,109.244470732354
2394,418.392443019067
2395,30.4596710652013
2396,359.703667158065
2397,360.003198192812
2398,385.243959782188
2399,332.214578592543
2400,55.073604608795
2401,347.045664155885
2402,77.5378118680291
2403,156.093222052349
2404,198.806177654511
2405,163.713689838319
2406,477.115960389262
2407,170.441770552378
2408,555.686443732675
2409,454.463685443157
2410,65.8287962185629
2411,489.005506353875
2412,495.885980731706
2413,56.7890118739797
2414,177.176637698384
2415,30.0987586653685
2416,120.816771969867
2417,191.648995198453
2418,37.5595095780163
2419,43.656171443758
2420,185.138049720494
2421,318.600100705904
2422,373.343690401683
2423,382.650201975273
2424,399.372658633572
2425,257.366076272985
2426,19.4420699943047
2427,165.819996189389
2428,20.3746340857973
2429,632.61233951934
2430,543.457580208427
2431,80.5554544979008
2432,15.4280000529845
2433,37.6054537991911
2434,157.623211212156
2435,48.9550820868632
2436,16.4255340194791
2437,400.995504879442
2438,322.061545236012
2439,170.124729942855
2440,591.350508729658
2441,138.49905066011
2442,337.916283817713
2443,64.8283062076692
2444,65.3925817344736
2445,19.4783948772895
2446,735.765131518304
2447,47.7700952250716
2448,199.976458784942
2449,270.944251840872
2450,26.4664560236169
2451,274.401762924451
2452,419.68354487683
2453,466.991258137309
2454,15.1491907498396
2455,388.602840028407
2456,59.6651844036242
2457,491.297310024663
2458,113.468140287462
2459,154.573954737436
2460,73.8944312355741
2461,219.273628383007
2462,120.890813669445
2463,889.496227782006
2464,169.943076207519
2465,300.576365717164
2466,117.021750773748
2467,489.240976351269
2468,77.7840573936286
2469,293.550093979445
2470,460.710500315179
2471,149.957594991818
2472,258.410882954681
2473,93.4722419651673
2474,109.795055184767
2475,115.23594201326
2476,78.2482005478339
2477,85.0670801199953
2478,293.486220802423
2479,97.8227665527797
2480,73.0391748439786
2481,184.511119387018
2482,170.522161655353
2483,199.002258619731
2484,130.744282578935
2485,278.145134349107
2486,539.49670183419
2487,157.395161626019
2488,37.5573584836822
2489,124.437563827761
2490,332.659320552453
2491,68.3895726454325
2492,86.787974457669
2493,126.111817548421
2494,206.649831348397
2495,301.909658208439
2496,65.0971006104485
2497,673.159346338424
2498,138.921022457547
2499,351.838038153266
2500,64.0047601987488
2501,145.97604469466
2502,37.8076075817564
2503,304.001495100566
2504,113.917463446078
2505,54.2475507678925
2506,512.569082648008
2507,365.616715925093
2508,153.02686190647
2509,149.057166952445
2510,33.5830993784494
2511,457.096273608921
2512,207.695245905887
2513,23.236773431266
2514,475.336833043323
2515,511.095410588899
2516,114.750494208924
2517,192.463369975146
2518,613.015166269984
2519,309.207776470025
2520,253.297371721572
2521,84.642513418705
2522,57.8583678287088
2523,228.850426122883
2524,201.869356364219
2525,506.001317046636
2526,356.772350627547
2527,30.2025064501468
2528,296.972252216775
2529,96.2063307231069
2530,267.864185077921
2531,65.3413486815747
2532,126.857559454942
2533,289.862622864494
2534,433.877122114951
2535,226.798175253068
2536,52.5247805629726
2537,96.7150784741889
2538,69.9727175041556
2539,211.111951620752
2540,190.329341840969
2541,515.628016150912
2542,24.0963883677686
2543,90.933416660996
2544,228.239684759311
2545,162.831428296425
2546,109.075518051766
2547,24.8748894754277
2548,112.942144667553
2549,135.658945510538
2550,451.224162182603
2551,203.759488845356
2552,125.532659119342
2553,65.6849970794875
2554,284.552795748639
2555,62.6612679611569
2556,367.232972911595
2557,889.852760018751
2558,410.504684491189
2559,48.8030750901246
2560,146.286362355982
2561,271.5262165691
2562,169.381495441348
2563,261.105705189246
2564,135.925567696348
2565,475.631028174315
2566,346.728694361413
2567,156.494449693
2568,78.5050314506798
2569,293.356362163088
2570,86.7610698268289
2571,42.4141760110403
2572,206.292181535788
2573,3.94660569480902
2574,52.393969592477
2575,426.589776121849
2576,125.030505105727
2577,160.735551019162
2578,420.654376729226
2579,85.8972425425953
2580,85.715082935449
2581,180.790391496015
2582,16.6148840387677
2583,524.656450645281
2584,65.7271086396729
2585,169.467982886329
2586,16.6076213496056
2587,449.418679273714
2588,157.073978844734
2589,420.505693484085
2590,120.002126389693
2591,251.270651821791
2592,301.946998187878
2593,47.9612871780678
2594,325.605143601194
2595,40.5036352048383
2596,380.588340472075
2597,231.883673640819
2598,74.3511190352619
2599,185.06282056836
2600,59.2281335401146
2601,52.1351085163666
2602,344.940748139853
2603,41.1380551112612
2604,148.784405657496
2605,221.839000035121
2606,73.0370328607819
2607,356.564468240894
2608,67.3482773040137
2609,250.969337475485
2610,274.255318477187
2611,94.3429212853121
2612,449.029324829019
2613,332.811985631464
2614,337.540651512414
2615,225.078249294236
2616,391.734386259819
2617,74.7240458057049
2618,6.68095876613047
2619,118.046560531767
2620,128.181815154625
2621,372.723110138657
2622,352.987410450879
2623,432.336002787241
2624,270.680236374536
2625,49.2083365945602
2626,51.4795494549676
2627,48.7927024863028
2628,226.190939750615
2629,85.2883348078792
2630,243.935588847938
2631,209.612462517972
2632,46.0827087097045
2633,345.220089431465
2634,894.60821619516
2635,503.781093303196
2636,91.0559287040484
2637,325.741699877755
2638,385.282957165791
2639,367.204166061482
2640,51.6687476342901
2641,200.118919840199
2642,135.893933544001
2643,208.281468976398
2644,301.690302169377
2645,387.186607141613
2646,423.882678992509
2647,25.0675542429124
2648,237.270427306352
2649,98.9879425881023
2650,462.059807142276
2651,151.274818540139
2652,516.781783058776
2653,88.7326723642057
2654,114.946532074333
2655,557.769844449778
2656,202.673672245033
2657,281.41072674889
2658,95.1212057166737
2659,65.9319142648117
2660,196.226071702273
2661,114.827157773926
2662,33.4888899667803
2663,144.862675626004
2664,402.157635887049
2665,125.952213200575
2666,222.873701597031
2667,111.388762378901
2668,394.026225118356
2669,885.105131067828
2670,204.691069777325
2671,170.766857951349
2672,163.288577336455
2673,17.4286040494999
2674,300.994374777603
2675,436.527803970741
2676,19.0078758871168
2677,162.376041184903
2678,89.0962369779452
2679,436.534052299761
2680,424.023663853292
2681,84.7494943647514
2682,172.917652759137
2683,148.753802980804
2684,164.452202545646
2685,125.169322060419
2686,163.252830596428
2687,166.617537386877
2688,234.513504315191
2689,291.466469518752
2690,29.9165102605337
2691,463.494496709505
2692,387.621544192774
2693,166.688505101528
2694,76.434277985477
2695,35.8486815716178
2696,245.074649113193
2697,83.0269425184701
2698,360.890268043011
2699,62.0687329483551
2700,409.955516091802
2701,70.9958822359063
2702,144.419697874349
2703,209.614715952598
2704,183.357405894808
2705,373.124546903548
2706,245.226610531527
2707,31.9986529146803
2708,324.164564941654
2709,455.504430504053
2710,626.596906059021
2711,30.3171081491358
2712,522.683490682854
2713,374.275737684662
2714,414.081567596159
2715,328.504636394554
2716,383.199873843861
2717,152.816336212628
2718,887.544442643033
2719,64.5240706164723
2720,292.416591679341
2721,186.488363264904
2722,415.52450671536
2723,299.751875731012
2724,243.307049407156
2725,250.091539318479
2726,324.073183230025
2727,104.504393245117
2728,169.407280044308
2729,382.885629614298
2730,63.8959416615821
2731,37.3227662098169
2732,35.4863239116033
2733,265.378905927653
2734,22.3741964579932
2735,295.162027920819
2736,51.7195849404202
2737,199.291143862318
2738,26.3365704733902
2739,131.838001523372
2740,96.9704475669892
2741,191.15052182135
2742,63.8661695369244
2743,889.531415402799
2744,50.7329148299989
2745,85.8843848107258
2746,184.236487900912
2747,589.161902447055
2748,493.681668719815
2749,107.966653798822
2750,332.04009287119
2751,314.177750429492
2752,101.674384692184
2753,52.2098167443994
2754,282.019836906821
2755,369.856469654663
2756,385.603799397899
2757,217.413263657255
2758,200.814370013691
2759,602.524782791872
2760,231.196422735963
2761,201.001998604528
2762,166.896959469921
2763,57.1857984395312
2764,585.345613678219
2765,346.847450137673
2766,64.258616326909
2767,157.878597500762
2768,315.925803479867
2769,361.286058571057
2770,169.173851106976
2771,219.166740271818
2772,238.566831767325
2773,174.10355410745
2774,460.542693138345
2775,110.603722389124
2776,112.540561358317
2777,56.0560375243596
2778,346.099862745456
2779,53.7189100939603
2780,146.047019428509
2781,110.268026638528
2782,461.113659690793
2783,340.839104718135
2784,8.76780940626371
2785,411.109458329862
2786,260.745929263316
2787,316.938895998862
2788,6.40994038810634
2789,165.721646822065
2790,272.244270671314
2791,36.1311077250364
2792,218.242389898032
2793,163.146829252786
2794,58.4503037944406
2795,190.238409147101
2796,128.849204074497
2797,427.976814430011
2798,117.121278976636
2799,391.237824347587
2800,137.903466564735
2801,146.958961115349
2802,375.541421940698
2803,448.432098137117
2804,53.9607265034526
2805,3.77413347066972
2806,28.5717289335624
2807,236.519585682132
2808,164.600016835399
2809,211.188094966658
2810,18.7864327252884
2811,15.712729327797
2812,204.482875932914
2813,259.220187213405
2814,358.473022868204
2815,287.152107891059
2816,124.846393312774
2817,79.0431589640959
2818,219.611128554937
2819,43.0961755480204
2820,21.0707387517577
2821,281.105537600445
2822,16.3776092165113
2823,42.6203127509977
2824,199.087520597107
2825,252.346727750412
2826,236.650115879275
2827,304.96982468865
2828,608.014146145318
2829,237.331817400654
2830,143.376238207819
2831,372.058914968029
2832,175.549048771566
2833,259.726330393247
2834,882.523307742813
2835,215.536465630555
2836,31.3802768597417
2837,340.400434395231
2838,456.305878745126
2839,76.7952691128038
2840,256.090154808212
2841,388.308219316891
2842,3.96022445460871
2843,259.165806313376
2844,115.048775082251
2845,19.5316664473145
2846,133.429410120041
2847,227.9826077865
2848,138.858705509557
2849,132.44451415141
2850,271.626282828479
2851,269.029369916083
2852,212.878544575463
2853,238.02274024314
2854,437.585317974158
2855,58.1370861877949
2856,220.507452874851
2857,491.634985787073
2858,350.29483628582
2859,882.892097436256
2860,620.595336324512
2861,74.3291143431364
2862,524.774322279971
2863,66.6657557901472
2864,100.237787286898
2865,360.610412198266
2866,331.918021748895
2867,157.968216306961
2868,155.618729679967
2869,20.3512067818419
2870,293.383517817697
2871,290.50049636201
2872,505.82973434103
2873,213.738346463223
2874,71.1267655902507
2875,150.503139600574
2876,50.7129902751475
2877,167.632896500344
2878,371.207334518228
2879,363.195490095886
2880,476.258377164916
2881,158.984373183903
2882,186.875405025647
2883,67.0884027230898
2884,47.9683775669847
2885,53.6768101307053
2886,185.945945400906
2887,496.387154310157
2888,70.4513596462965
2889,286.50956188837
2890,81.3665537716621
2891,360.828015922751
2892,24.3268407574375
2893,557.337076776903
2894,59.6413195982163
2895,500.239797699923
2896,81.6980658774304
2897,327.386687748807
2898,490.644981592383
2899,4.37939718687429
2900,18.4630858499577
2901,99.5644909211554
2902,476.175980380315
2903,239.363625203514
2904,280.336187701074
2905,379.556841640885
2906,143.071626450572
2907,426.177656640553
2908,500.433885575584
2909,269.161077026356
2910,160.955130750262
2911,305.668403593579
2912,132.559358543127
2913,329.762680381358
2914,369.858076493763
2915,43.1529099483233
2916,141.653008967757
2917,8.11838907596276
2918,248.486640860771
2919,199.12407651134
2920,34.1415878011646
2921,279.640176027198
2922,475.225428533662
2923,89.0305404165368
2924,213.046245830297
2925,227.960494713631
2926,209.373239778426
2927,566.480363305664
2928,21.8754739622081
2929,304.366870332957
2930,102.903557469813
2931,118.366568889344
2932,287.365948381776
2933,122.138449045541
2934,253.317286074215
2935,386.819411764643
2936,501.7108041555
2937,63.398169465376
2938,291.266150478348
2939,89.0368708139475
2940,147.651755663614
2941,244.118289020444
2942,42.0841831605659
2943,30.3093637803183
2944,168.202158688969
2945,236.342898421626
2946,185.7163608653
2947,180.577265815439
2948,293.433756455738
2949,89.2510457144177
2950,193.009612907016
2951,144.847423457372
2952,20.9692695543572
2953,141.851698753954
2954,161.562136880515
2955,42.2370102543799
2956,70.0397879477549
2957,339.110819998712
2958,182.013282738411
2959,494.568682458901
2960,886.691910895823
2961,389.798690878727
2962,492.615840835084
2963,31.3487547020128
2964,173.121540452985
2965,236.666374024179
2966,295.010951973226
2967,19.8920270187414
2968,41.5389786974623
2969,5.70556545804381
2970,470.993422900249
2971,190.932088499611
2972,437.896794217712
2973,332.30859870095
2974,134.152662516564
2975,183.809492422445
2976,67.3526831653736
2977,183.19847030114
2978,178.632032104265
2979,21.0903355655747
2980,311.109897130204
2981,134.163430669778
2982,256.247967414774
2983,7.93588597398502
2984,140.270926550386
2985,216.070488857363
2986,147.098504791775
2987,221.580705428126
2988,126.305254116328
2989,133.206424682909
2990,319.604558373739
2991,225.297421171332
2992,227.117182453073
2993,403.802662314746
2994,332.961916786117
2995,65.5629254347318
2996,421.586346464616
2997,32.4061188146436
2998,167.131789179239
2999,356.160426974822
3000,177.080910574523
